# Synthesized Time Series | Mean = 155.31; Std = 223.70
Index,Value
1,0.00
2,0.00
3,0.00
4,0.00
5,0.00
6,0.00
7,0.00
8,0.00
9,28.06
10,84.71
11,162.19
12,230.56
13,290.49
14,328.47
15,256.94
16,148.40
17,41.08
18,0.00
19,0.00
20,0.00
21,0.00
22,0.00
23,0.00
24,0.00
25,0.00
26,0.00
27,0.00
28,0.00
29,0.00
30,0.00
31,0.00
32,0.00
33,32.35
34,116.56
35,170.48
36,258.08
37,252.01
38,248.29
39,191.43
40,128.41
41,28.84
42,0.00
43,0.00
44,0.00
45,0.00
46,0.00
47,0.00
48,0.00
49,0.00
50,0.00
51,0.00
52,0.00
53,0.00
54,0.00
55,0.00
56,0.00
57,27.48
58,135.78
59,307.10
60,319.01
61,305.55
62,286.44
63,234.76
64,133.28
65,34.19
66,0.00
67,0.00
68,0.00
69,0.00
70,0.00
71,0.00
72,0.00
73,0.00
74,0.00
75,0.00
76,0.00
77,0.00
78,0.00
79,0.00
80,0.00
81,54.80
82,189.14
83,287.90
84,341.95
85,389.08
86,281.21
87,240.91
88,128.61
89,44.86
90,0.00
91,0.00
92,0.00
93,0.00
94,0.00
95,0.00
96,0.00
97,0.00
98,0.00
99,0.00
100,0.00
101,0.00
102,0.00
103,0.00
104,0.00
105,52.65
106,199.20
107,306.46
108,342.86
109,374.54
110,384.25
111,301.65
112,193.66
113,49.99
114,0.00
115,0.00
116,0.00
117,0.00
118,0.00
119,0.00
120,0.00
121,0.00
122,0.00
123,0.00
124,0.00
125,0.00
126,0.00
127,0.00
128,0.00
129,49.44
130,174.33
131,259.19
132,344.46
133,347.75
134,342.16
135,277.55
136,182.73
137,58.62
138,0.00
139,0.00
140,0.00
141,0.00
142,0.00
143,0.00
144,0.00
145,0.00
146,0.00
147,0.00
148,0.00
149,0.00
150,0.00
151,0.00
152,0.00
153,58.07
154,197.35
155,313.90
156,350.33
157,396.24
158,369.60
159,304.28
160,200.36
161,58.23
162,0.00
163,0.00
164,0.00
165,0.00
166,0.00
167,0.00
168,0.00
169,0.00
170,0.00
171,0.00
172,0.00
173,0.00
174,0.00
175,0.00
176,0.00
177,44.08
178,143.32
179,216.28
180,261.81
181,269.10
182,285.27
183,274.06
184,169.66
185,56.12
186,0.00
187,0.00
188,0.00
189,0.00
190,0.00
191,0.00
192,0.00
193,0.00
194,0.00
195,0.00
196,0.00
197,0.00
198,0.00
199,0.00
200,0.00
201,63.68
202,207.40
203,310.58
204,395.27
205,341.54
206,311.06
207,247.76
208,181.62
209,53.33
210,0.00
211,0.00
212,0.00
213,0.00
214,0.00
215,0.00
216,0.00
217,0.00
218,0.00
219,0.00
220,0.00
221,0.00
222,0.00
223,0.00
224,0.00
225,53.85
226,205.47
227,332.21
228,399.99
229,445.14
230,333.72
231,294.71
232,197.79
233,58.35
234,0.00
235,0.00
236,0.00
237,0.00
238,0.00
239,0.00
240,0.00
241,0.00
242,0.00
243,0.00
244,0.00
245,0.00
246,0.00
247,0.00
248,0.00
249,65.69
250,199.80
251,289.99
252,353.98
253,358.56
254,367.75
255,319.25
256,203.53
257,64.00
258,0.00
259,0.00
260,0.00
261,0.00
262,0.00
263,0.00
264,0.00
265,0.00
266,0.00
267,0.00
268,0.00
269,0.00
270,0.00
271,0.00
272,0.00
273,61.96
274,191.70
275,302.25
276,329.10
277,408.47
278,355.89
279,309.76
280,210.94
281,69.63
282,0.00
283,0.00
284,0.00
285,0.00
286,0.00
287,0.00
288,0.00
289,0.00
290,0.00
291,0.00
292,0.00
293,0.00
294,0.00
295,0.00
296,0.00
297,61.42
298,181.05
299,284.59
300,394.24
301,422.84
302,336.40
303,283.61
304,181.02
305,59.91
306,0.00
307,0.00
308,0.00
309,0.00
310,0.00
311,0.00
312,0.00
313,0.00
314,0.00
315,0.00
316,0.00
317,0.00
318,0.00
319,0.00
320,0.00
321,67.88
322,205.56
323,264.52
324,262.03
325,270.49
326,272.76
327,211.15
328,167.13
329,51.68
330,0.00
331,0.00
332,0.00
333,0.00
334,0.00
335,0.00
336,0.00
337,0.00
338,0.00
339,0.00
340,0.00
341,0.00
342,0.00
343,0.00
344,0.00
345,71.50
346,208.26
347,287.27
348,353.92
349,365.71
350,371.29
351,329.49
352,236.53
353,72.32
354,0.00
355,0.00
356,0.00
357,0.00
358,0.00
359,0.00
360,0.00
361,0.00
362,0.00
363,0.00
364,0.00
365,0.00
366,0.00
367,0.00
368,0.00
369,70.23
370,175.04
371,280.61
372,358.87
373,370.21
374,317.59
375,259.48
376,183.60
377,64.36
378,0.00
379,0.00
380,0.00
381,0.00
382,0.00
383,0.00
384,0.00
385,0.00
386,0.00
387,0.00
388,0.00
389,0.00
390,0.00
391,0.00
392,0.00
393,61.64
394,171.65
395,273.95
396,268.35
397,344.09
398,236.48
399,189.27
400,157.79
401,58.85
402,0.00
403,0.00
404,0.00
405,0.00
406,0.00
407,0.00
408,0.00
409,0.00
410,0.00
411,0.00
412,0.00
413,0.00
414,0.00
415,0.00
416,0.00
417,71.12
418,206.67
419,340.35
420,350.38
421,374.83
422,340.43
423,275.21
424,176.23
425,82.56
426,0.00
427,0.00
428,0.00
429,0.00
430,0.00
431,0.00
432,0.00
433,0.00
434,0.00
435,0.00
436,0.00
437,0.00
438,0.00
439,0.00
440,0.00
441,86.42
442,229.44
443,310.26
444,429.66
445,455.77
446,404.95
447,330.68
448,228.05
449,84.84
450,0.00
451,0.00
452,0.00
453,0.00
454,0.00
455,0.00
456,0.00
457,0.00
458,0.00
459,0.00
460,0.00
461,0.00
462,0.00
463,0.00
464,0.00
465,32.56
466,138.84
467,251.73
468,283.88
469,297.08
470,328.66
471,272.25
472,217.19
473,75.27
474,0.00
475,0.00
476,0.00
477,0.00
478,0.00
479,0.00
480,0.00
481,0.00
482,0.00
483,0.00
484,0.00
485,0.00
486,0.00
487,0.00
488,0.00
489,92.83
490,215.87
491,291.15
492,344.69
493,368.00
494,347.57
495,292.09
496,206.26
497,90.06
498,0.00
499,0.00
500,0.00
501,0.00
502,0.00
503,0.00
504,0.00
505,0.00
506,0.00
507,0.00
508,0.00
509,0.00
510,0.00
511,0.00
512,0.00
513,99.68
514,229.41
515,346.83
516,412.97
517,479.64
518,385.81
519,244.07
520,196.78
521,88.58
522,0.00
523,0.00
524,0.00
525,0.00
526,0.00
527,0.00
528,0.00
529,0.00
530,0.00
531,0.00
532,0.00
533,0.00
534,0.00
535,0.00
536,0.00
537,103.86
538,241.31
539,368.60
540,385.97
541,357.75
542,355.35
543,313.59
544,195.05
545,85.74
546,0.00
547,0.00
548,0.00
549,0.00
550,0.00
551,0.00
552,0.00
553,0.00
554,0.00
555,0.00
556,0.00
557,0.00
558,0.00
559,0.00
560,0.00
561,83.34
562,205.74
563,323.31
564,422.15
565,431.77
566,358.86
567,329.77
568,221.82
569,94.27
570,0.00
571,0.00
572,0.00
573,0.00
574,0.00
575,0.00
576,0.00
577,0.00
578,0.00
579,0.00
580,0.00
581,0.00
582,0.00
583,0.00
584,0.00
585,16.97
586,45.14
587,71.79
588,83.15
589,97.56
590,50.42
591,57.66
592,24.05
593,12.03
594,0.00
595,0.00
596,0.00
597,0.00
598,0.00
599,0.00
600,0.00
601,0.00
602,0.00
603,0.00
604,0.00
605,0.00
606,0.00
607,0.00
608,0.00
609,32.52
610,88.90
611,102.31
612,138.07
613,159.31
614,195.30
615,180.71
616,195.40
617,90.97
618,0.00
619,0.00
620,0.00
621,0.00
622,0.00
623,0.00
624,0.00
625,0.00
626,0.00
627,0.00
628,0.00
629,0.00
630,0.00
631,0.00
632,0.00
633,45.44
634,140.42
635,211.86
636,248.74
637,295.90
638,383.18
639,326.12
640,211.91
641,94.61
642,0.00
643,0.00
644,0.00
645,0.00
646,0.00
647,0.00
648,0.00
649,0.00
650,0.00
651,0.00
652,0.00
653,0.00
654,0.00
655,0.00
656,0.00
657,109.62
658,258.43
659,365.27
660,410.16
661,442.34
662,420.74
663,357.68
664,254.50
665,113.67
666,0.00
667,0.00
668,0.00
669,0.00
670,0.00
671,0.00
672,0.00
673,0.00
674,0.00
675,0.00
676,0.00
677,0.00
678,0.00
679,0.00
680,0.00
681,119.98
682,263.42
683,405.74
684,478.25
685,478.70
686,432.01
687,313.54
688,195.04
689,81.10
690,0.00
691,0.00
692,0.00
693,0.00
694,0.00
695,0.00
696,0.00
697,0.00
698,0.00
699,0.00
700,0.00
701,0.00
702,0.00
703,0.00
704,0.00
705,89.74
706,209.67
707,297.73
708,361.68
709,379.40
710,365.40
711,358.93
712,271.31
713,100.61
714,0.00
715,0.00
716,0.00
717,0.00
718,0.00
719,0.00
720,0.00
721,0.00
722,0.00
723,0.00
724,0.00
725,0.00
726,0.00
727,0.00
728,0.00
729,82.12
730,184.11
731,202.12
732,259.28
733,224.69
734,204.89
735,164.50
736,136.46
737,68.64
738,0.00
739,0.00
740,0.00
741,0.00
742,0.00
743,0.00
744,0.00
745,0.00
746,0.00
747,0.00
748,0.00
749,0.00
750,0.00
751,0.00
752,0.00
753,92.35
754,198.77
755,278.34
756,165.99
757,299.86
758,373.60
759,314.91
760,215.74
761,114.58
762,0.00
763,0.00
764,0.00
765,0.00
766,0.00
767,0.00
768,0.00
769,0.00
770,0.00
771,0.00
772,0.00
773,0.00
774,0.00
775,0.00
776,0.00
777,60.98
778,156.46
779,227.90
780,324.31
781,349.13
782,314.72
783,249.45
784,172.71
785,89.53
786,0.00
787,0.00
788,0.00
789,0.00
790,0.00
791,0.00
792,0.00
793,0.00
794,0.00
795,0.00
796,0.00
797,0.00
798,0.00
799,0.00
800,0.00
801,120.35
802,288.11
803,366.04
804,445.28
805,475.73
806,393.03
807,326.84
808,228.07
809,105.55
810,0.00
811,0.00
812,0.00
813,0.00
814,0.00
815,0.00
816,0.00
817,0.00
818,0.00
819,0.00
820,0.00
821,0.00
822,0.00
823,0.00
824,0.00
825,124.14
826,252.91
827,354.43
828,412.34
829,341.39
830,335.46
831,283.08
832,242.03
833,94.08
834,0.00
835,0.00
836,0.00
837,0.00
838,0.00
839,0.00
840,0.00
841,0.00
842,0.00
843,0.00
844,0.00
845,0.00
846,0.00
847,0.00
848,0.00
849,72.08
850,159.84
851,184.18
852,205.21
853,160.32
854,201.32
855,123.83
856,69.46
857,42.28
858,0.00
859,0.00
860,0.00
861,0.00
862,0.00
863,0.00
864,0.00
865,0.00
866,0.00
867,0.00
868,0.00
869,0.00
870,0.00
871,0.00
872,0.00
873,112.59
874,230.11
875,319.61
876,383.26
877,386.90
878,335.10
879,267.89
880,178.67
881,103.15
882,0.00
883,0.00
884,0.00
885,0.00
886,0.00
887,0.00
888,0.00
889,0.00
890,0.00
891,0.00
892,0.00
893,0.00
894,0.00
895,0.00
896,0.00
897,92.50
898,197.80
899,316.14
900,338.33
901,324.02
902,305.12
903,272.68
904,171.47
905,66.91
906,0.00
907,0.00
908,0.00
909,0.00
910,0.00
911,0.00
912,0.00
913,0.00
914,0.00
915,0.00
916,0.00
917,0.00
918,0.00
919,0.00
920,0.00
921,54.86
922,124.88
923,192.18
924,282.10
925,373.71
926,385.31
927,293.27
928,208.73
929,103.53
930,0.00
931,0.00
932,0.00
933,0.00
934,0.00
935,0.00
936,0.00
937,0.00
938,0.00
939,0.00
940,0.00
941,0.00
942,0.00
943,0.00
944,0.00
945,160.27
946,314.86
947,449.67
948,510.12
949,504.87
950,526.05
951,409.14
952,306.31
953,152.97
954,0.00
955,0.00
956,0.00
957,0.00
958,0.00
959,0.00
960,0.00
961,0.00
962,0.00
963,0.00
964,0.00
965,0.00
966,0.00
967,0.00
968,0.00
969,119.59
970,294.26
971,386.70
972,499.11
973,499.51
974,488.24
975,423.17
976,313.93
977,159.07
978,0.00
979,0.00
980,0.00
981,0.00
982,0.00
983,0.00
984,0.00
985,0.00
986,0.00
987,0.00
988,0.00
989,0.00
990,0.00
991,0.00
992,0.00
993,123.17
994,199.33
995,286.62
996,272.99
997,284.00
998,370.60
999,323.33
1000,235.13
1001,107.66
1002,0.00
1003,0.00
1004,0.00
1005,0.00
1006,0.00
1007,0.00
1008,0.00
1009,0.00
1010,0.00
1011,0.00
1012,0.00
1013,0.00
1014,0.00
1015,0.00
1016,0.00
1017,164.85
1018,318.35
1019,423.96
1020,514.44
1021,530.37
1022,508.83
1023,417.58
1024,346.83
1025,155.16
1026,0.00
1027,0.00
1028,0.00
1029,0.00
1030,0.00
1031,0.00
1032,0.00
1033,0.00
1034,0.00
1035,0.00
1036,0.00
1037,0.00
1038,0.00
1039,0.00
1040,2.37
1041,111.36
1042,222.57
1043,320.94
1044,384.69
1045,407.35
1046,377.01
1047,359.61
1048,279.25
1049,148.77
1050,2.97
1051,0.00
1052,0.00
1053,0.00
1054,0.00
1055,0.00
1056,0.00
1057,0.00
1058,0.00
1059,0.00
1060,0.00
1061,0.00
1062,0.00
1063,0.00
1064,5.02
1065,105.47
1066,190.66
1067,169.35
1068,217.96
1069,224.07
1070,198.67
1071,151.81
1072,108.57
1073,83.41
1074,2.90
1075,0.00
1076,0.00
1077,0.00
1078,0.00
1079,0.00
1080,0.00
1081,0.00
1082,0.00
1083,0.00
1084,0.00
1085,0.00
1086,0.00
1087,0.00
1088,5.32
1089,73.00
1090,149.70
1091,136.76
1092,161.16
1093,211.98
1094,163.99
1095,110.48
1096,91.62
1097,47.26
1098,2.86
1099,0.00
1100,0.00
1101,0.00
1102,0.00
1103,0.00
1104,0.00
1105,0.00
1106,0.00
1107,0.00
1108,0.00
1109,0.00
1110,0.00
1111,0.00
1112,3.34
1113,42.98
1114,139.55
1115,216.20
1116,174.82
1117,178.05
1118,118.63
1119,130.42
1120,91.05
1121,43.82
1122,5.76
1123,0.00
1124,0.00
1125,0.00
1126,0.00
1127,0.00
1128,0.00
1129,0.00
1130,0.00
1131,0.00
1132,0.00
1133,0.00
1134,0.00
1135,0.00
1136,20.13
1137,150.77
1138,251.73
1139,291.39
1140,296.41
1141,370.90
1142,260.82
1143,86.74
1144,35.16
1145,30.09
1146,5.66
1147,0.00
1148,0.00
1149,0.00
1150,0.00
1151,0.00
1152,0.00
1153,0.00
1154,0.00
1155,0.00
1156,0.00
1157,0.00
1158,0.00
1159,0.00
1160,2.84
1161,38.29
1162,36.50
1163,69.41
1164,155.76
1165,64.86
1166,77.40
1167,68.65
1168,86.65
1169,25.67
1170,2.37
1171,0.00
1172,0.00
1173,0.00
1174,0.00
1175,0.00
1176,0.00
1177,0.00
1178,0.00
1179,0.00
1180,0.00
1181,0.00
1182,0.00
1183,0.00
1184,9.02
1185,72.64
1186,122.73
1187,131.52
1188,80.80
1189,70.15
1190,115.69
1191,56.06
1192,41.26
1193,25.31
1194,5.53
1195,0.00
1196,0.00
1197,0.00
1198,0.00
1199,0.00
1200,0.00
1201,0.00
1202,0.00
1203,0.00
1204,0.00
1205,0.00
1206,0.00
1207,0.00
1208,3.29
1209,50.25
1210,83.26
1211,124.42
1212,142.44
1213,134.41
1214,142.74
1215,118.91
1216,97.09
1217,37.36
1218,9.28
1219,0.00
1220,0.00
1221,0.00
1222,0.00
1223,0.00
1224,0.00
1225,0.00
1226,0.00
1227,0.00
1228,0.00
1229,0.00
1230,0.00
1231,0.00
1232,19.84
1233,111.49
1234,198.14
1235,269.83
1236,317.37
1237,319.87
1238,272.34
1239,225.15
1240,166.18
1241,84.08
1242,19.90
1243,0.00
1244,0.00
1245,0.00
1246,0.00
1247,0.00
1248,0.00
1249,0.00
1250,0.00
1251,0.00
1252,0.00
1253,0.00
1254,0.00
1255,0.00
1256,37.13
1257,185.11
1258,320.11
1259,383.72
1260,431.09
1261,414.94
1262,384.45
1263,377.86
1264,288.30
1265,225.53
1266,45.10
1267,0.00
1268,0.00
1269,0.00
1270,0.00
1271,0.00
1272,0.00
1273,0.00
1274,0.00
1275,0.00
1276,0.00
1277,0.00
1278,0.00
1279,0.00
1280,43.84
1281,189.78
1282,296.37
1283,333.31
1284,432.89
1285,541.43
1286,505.86
1287,437.83
1288,389.63
1289,241.07
1290,51.91
1291,0.00
1292,0.00
1293,0.00
1294,0.00
1295,0.00
1296,0.00
1297,0.00
1298,0.00
1299,0.00
1300,0.00
1301,0.00
1302,0.00
1303,0.00
1304,33.92
1305,133.14
1306,120.76
1307,171.69
1308,100.41
1309,55.94
1310,82.15
1311,56.98
1312,40.14
1313,42.54
1314,8.91
1315,0.00
1316,0.00
1317,0.00
1318,0.00
1319,0.00
1320,0.00
1321,0.00
1322,0.00
1323,0.00
1324,0.00
1325,0.00
1326,0.00
1327,0.00
1328,18.36
1329,46.20
1330,79.16
1331,75.08
1332,121.26
1333,101.12
1334,85.70
1335,104.29
1336,62.58
1337,56.32
1338,16.09
1339,0.00
1340,0.00
1341,0.00
1342,0.00
1343,0.00
1344,0.00
1345,0.00
1346,0.00
1347,0.00
1348,0.00
1349,0.00
1350,0.00
1351,0.00
1352,30.48
1353,104.18
1354,174.18
1355,66.64
1356,99.73
1357,132.78
1358,123.43
1359,152.55
1360,108.90
1361,108.72
1362,28.51
1363,0.00
1364,0.00
1365,0.00
1366,0.00
1367,0.00
1368,0.00
1369,0.00
1370,0.00
1371,0.00
1372,0.00
1373,0.00
1374,0.00
1375,0.00
1376,48.03
1377,172.54
1378,373.08
1379,498.17
1380,458.83
1381,426.51
1382,330.19
1383,382.88
1384,271.96
1385,177.98
1386,54.54
1387,0.00
1388,0.00
1389,0.00
1390,0.00
1391,0.00
1392,0.00
1393,0.00
1394,0.00
1395,0.00
1396,0.00
1397,0.00
1398,0.00
1399,0.00
1400,69.44
1401,238.89
1402,358.09
1403,472.11
1404,588.03
1405,557.29
1406,551.86
1407,552.18
1408,420.31
1409,240.27
1410,70.95
1411,0.00
1412,0.00
1413,0.00
1414,0.00
1415,0.00
1416,0.00
1417,0.00
1418,0.00
1419,0.00
1420,0.00
1421,0.00
1422,0.00
1423,0.00
1424,44.74
1425,143.04
1426,251.79
1427,424.62
1428,408.48
1429,463.77
1430,473.29
1431,347.71
1432,299.40
1433,183.73
1434,61.67
1435,0.00
1436,0.00
1437,0.00
1438,0.00
1439,0.00
1440,0.00
1441,0.00
1442,0.00
1443,0.00
1444,0.00
1445,0.00
1446,0.00
1447,0.00
1448,73.30
1449,237.99
1450,409.00
1451,539.25
1452,622.76
1453,566.69
1454,591.52
1455,518.71
1456,433.47
1457,266.60
1458,87.96
1459,0.00
1460,0.00
1461,0.00
1462,0.00
1463,0.00
1464,0.00
1465,0.00
1466,0.00
1467,0.00
1468,0.00
1469,0.00
1470,0.00
1471,0.00
1472,72.28
1473,231.22
1474,349.93
1475,530.56
1476,581.88
1477,556.45
1478,500.78
1479,465.26
1480,338.34
1481,201.09
1482,65.84
1483,0.00
1484,0.00
1485,0.00
1486,0.00
1487,0.00
1488,0.00
1489,0.00
1490,0.00
1491,0.00
1492,0.00
1493,0.00
1494,0.00
1495,0.00
1496,52.25
1497,148.65
1498,248.44
1499,313.55
1500,486.60
1501,473.57
1502,484.80
1503,477.74
1504,345.35
1505,223.06
1506,93.24
1507,0.00
1508,0.00
1509,0.00
1510,0.00
1511,0.00
1512,0.00
1513,0.00
1514,0.00
1515,0.00
1516,0.00
1517,0.00
1518,0.00
1519,0.00
1520,96.93
1521,211.91
1522,257.20
1523,321.64
1524,388.97
1525,459.23
1526,517.72
1527,455.44
1528,411.80
1529,256.58
1530,74.49
1531,0.00
1532,0.00
1533,0.00
1534,0.00
1535,0.00
1536,0.00
1537,0.00
1538,0.00
1539,0.00
1540,0.00
1541,0.00
1542,0.00
1543,0.00
1544,55.43
1545,135.97
1546,275.63
1547,369.09
1548,345.03
1549,390.17
1550,417.69
1551,366.19
1552,239.58
1553,161.40
1554,49.95
1555,0.00
1556,0.00
1557,0.00
1558,0.00
1559,0.00
1560,0.00
1561,0.00
1562,0.00
1563,0.00
1564,0.00
1565,0.00
1566,0.00
1567,0.00
1568,93.59
1569,243.75
1570,400.98
1571,507.25
1572,602.72
1573,572.60
1574,554.00
1575,538.59
1576,428.39
1577,270.94
1578,106.90
1579,0.00
1580,0.00
1581,0.00
1582,0.00
1583,0.00
1584,0.00
1585,0.00
1586,0.00
1587,0.00
1588,0.00
1589,0.00
1590,0.00
1591,0.00
1592,60.17
1593,160.55
1594,310.57
1595,343.32
1596,463.57
1597,423.74
1598,404.00
1599,393.14
1600,367.77
1601,182.50
1602,75.61
1603,0.00
1604,0.00
1605,0.00
1606,0.00
1607,0.00
1608,0.00
1609,0.00
1610,0.00
1611,0.00
1612,0.00
1613,0.00
1614,0.00
1615,0.00
1616,49.46
1617,192.54
1618,354.41
1619,479.39
1620,538.01
1621,570.61
1622,495.38
1623,400.23
1624,321.12
1625,178.58
1626,72.82
1627,0.00
1628,0.00
1629,0.00
1630,0.00
1631,0.00
1632,0.00
1633,0.00
1634,0.00
1635,0.00
1636,0.00
1637,0.00
1638,0.00
1639,0.00
1640,60.07
1641,159.15
1642,161.53
1643,235.39
1644,97.56
1645,105.62
1646,63.56
1647,69.42
1648,83.15
1649,50.87
1650,26.79
1651,0.00
1652,0.00
1653,0.00
1654,0.00
1655,0.00
1656,0.00
1657,0.00
1658,0.00
1659,0.00
1660,0.00
1661,0.00
1662,0.00
1663,0.00
1664,35.08
1665,29.49
1666,57.40
1667,69.96
1668,187.53
1669,273.25
1670,257.95
1671,182.08
1672,179.84
1673,92.83
1674,42.50
1675,0.00
1676,0.00
1677,0.00
1678,0.00
1679,0.00
1680,0.00
1681,0.00
1682,0.00
1683,0.00
1684,0.00
1685,0.00
1686,0.00
1687,0.00
1688,83.49
1689,209.95
1690,317.88
1691,408.04
1692,512.00
1693,581.46
1694,442.15
1695,367.81
1696,252.96
1697,166.74
1698,64.37
1699,0.00
1700,0.00
1701,0.00
1702,0.00
1703,0.00
1704,0.00
1705,0.00
1706,0.00
1707,0.00
1708,0.00
1709,0.00
1710,0.00
1711,0.00
1712,50.89
1713,118.84
1714,257.48
1715,364.71
1716,419.60
1717,460.58
1718,440.12
1719,383.33
1720,306.56
1721,253.64
1722,108.49
1723,0.00
1724,0.00
1725,0.00
1726,0.00
1727,0.00
1728,0.00
1729,0.00
1730,0.00
1731,0.00
1732,0.00
1733,0.00
1734,0.00
1735,0.00
1736,140.31
1737,341.36
1738,494.40
1739,355.45
1740,375.69
1741,377.04
1742,356.41
1743,248.90
1744,146.02
1745,93.64
1746,60.89
1747,0.00
1748,0.00
1749,0.00
1750,0.00
1751,0.00
1752,0.00
1753,0.00
1754,0.00
1755,0.00
1756,0.00
1757,0.00
1758,0.00
1759,0.00
1760,83.33
1761,180.46
1762,288.34
1763,386.28
1764,429.53
1765,437.08
1766,418.60
1767,363.56
1768,344.62
1769,236.30
1770,128.17
1771,0.00
1772,0.00
1773,0.00
1774,0.00
1775,0.00
1776,0.00
1777,0.00
1778,0.00
1779,0.00
1780,0.00
1781,0.00
1782,0.00
1783,0.00
1784,129.94
1785,271.21
1786,409.12
1787,422.89
1788,523.00
1789,497.08
1790,476.13
1791,331.29
1792,256.58
1793,179.27
1794,78.29
1795,0.00
1796,0.00
1797,0.00
1798,0.00
1799,0.00
1800,0.00
1801,0.00
1802,0.00
1803,0.00
1804,0.00
1805,0.00
1806,0.00
1807,0.00
1808,98.94
1809,239.79
1810,421.26
1811,525.31
1812,615.11
1813,628.39
1814,594.88
1815,562.24
1816,278.68
1817,202.93
1818,87.40
1819,0.00
1820,0.00
1821,0.00
1822,0.00
1823,0.00
1824,0.00
1825,0.00
1826,0.00
1827,0.00
1828,0.00
1829,0.00
1830,0.00
1831,0.00
1832,128.00
1833,281.68
1834,393.42
1835,528.02
1836,574.60
1837,443.80
1838,379.79
1839,574.16
1840,524.05
1841,348.36
1842,171.47
1843,0.00
1844,0.00
1845,0.00
1846,0.00
1847,0.00
1848,0.00
1849,0.00
1850,0.00
1851,0.00
1852,0.00
1853,0.00
1854,0.00
1855,0.00
1856,163.79
1857,333.60
1858,471.65
1859,543.50
1860,669.76
1861,689.53
1862,653.36
1863,549.63
1864,445.59
1865,332.27
1866,164.08
1867,0.00
1868,0.00
1869,0.00
1870,0.00
1871,0.00
1872,0.00
1873,0.00
1874,0.00
1875,0.00
1876,0.00
1877,0.00
1878,0.00
1879,0.00
1880,141.29
1881,283.92
1882,385.52
1883,417.99
1884,488.08
1885,529.79
1886,430.67
1887,196.71
1888,160.33
1889,221.10
1890,107.77
1891,0.00
1892,0.00
1893,0.00
1894,0.00
1895,0.00
1896,0.00
1897,0.00
1898,0.00
1899,0.00
1900,0.00
1901,0.00
1902,0.00
1903,0.00
1904,178.25
1905,378.07
1906,475.44
1907,602.30
1908,624.70
1909,644.54
1910,614.10
1911,480.14
1912,376.50
1913,279.90
1914,147.73
1915,0.00
1916,0.00
1917,0.00
1918,0.00
1919,0.00
1920,0.00
1921,0.00
1922,0.00
1923,0.00
1924,0.00
1925,0.00
1926,0.00
1927,0.00
1928,106.36
1929,196.07
1930,266.88
1931,278.99
1932,272.33
1933,225.80
1934,344.40
1935,341.94
1936,316.61
1937,262.50
1938,135.64
1939,0.00
1940,0.00
1941,0.00
1942,0.00
1943,0.00
1944,0.00
1945,0.00
1946,0.00
1947,0.00
1948,0.00
1949,0.00
1950,0.00
1951,0.00
1952,173.80
1953,288.74
1954,381.31
1955,424.34
1956,484.53
1957,503.92
1958,474.07
1959,492.15
1960,530.47
1961,346.86
1962,182.98
1963,0.00
1964,0.00
1965,0.00
1966,0.00
1967,0.00
1968,0.00
1969,0.00
1970,0.00
1971,0.00
1972,0.00
1973,0.00
1974,0.00
1975,4.49
1976,161.40
1977,323.88
1978,482.18
1979,589.00
1980,632.29
1981,657.61
1982,553.09
1983,492.68
1984,423.28
1985,315.77
1986,153.56
1987,3.82
1988,0.00
1989,0.00
1990,0.00
1991,0.00
1992,0.00
1993,0.00
1994,0.00
1995,0.00
1996,0.00
1997,0.00
1998,0.00
1999,9.15
2000,191.13
2001,322.46
2002,472.69
2003,545.13
2004,650.34
2005,737.66
2006,587.58
2007,549.07
2008,412.32
2009,295.01
2010,131.62
2011,5.42
2012,0.00
2013,0.00
2014,0.00
2015,0.00
2016,0.00
2017,0.00
2018,0.00
2019,0.00
2020,0.00
2021,0.00
2022,0.00
2023,12.05
2024,133.30
2025,243.55
2026,380.79
2027,477.51
2028,490.07
2029,541.14
2030,529.33
2031,487.71
2032,459.98
2033,351.26
2034,180.57
2035,14.45
2036,0.00
2037,0.00
2038,0.00
2039,0.00
2040,0.00
2041,0.00
2042,0.00
2043,0.00
2044,0.00
2045,0.00
2046,0.00
2047,21.43
2048,222.15
2049,406.60
2050,567.33
2051,687.36
2052,759.95
2053,776.89
2054,677.09
2055,636.77
2056,563.82
2057,338.61
2058,162.79
2059,16.17
2060,0.00
2061,0.00
2062,0.00
2063,0.00
2064,0.00
2065,0.00
2066,0.00
2067,0.00
2068,0.00
2069,0.00
2070,0.00
2071,14.28
2072,118.85
2073,226.59
2074,364.59
2075,499.26
2076,582.68
2077,599.31
2078,523.10
2079,452.06
2080,244.61
2081,165.20
2082,94.87
2083,10.09
2084,0.00
2085,0.00
2086,0.00
2087,0.00
2088,0.00
2089,0.00
2090,0.00
2091,0.00
2092,0.00
2093,0.00
2094,0.00
2095,11.67
2096,91.16
2097,181.67
2098,183.16
2099,61.95
2100,318.80
2101,395.85
2102,400.30
2103,347.70
2104,273.48
2105,201.39
2106,149.86
2107,18.94
2108,0.00
2109,0.00
2110,0.00
2111,0.00
2112,0.00
2113,0.00
2114,0.00
2115,0.00
2116,0.00
2117,0.00
2118,0.00
2119,18.53
2120,123.10
2121,238.42
2122,317.99
2123,282.15
2124,311.49
2125,392.35
2126,262.94
2127,265.59
2128,116.38
2129,56.16
2130,31.61
2131,6.68
2132,0.00
2133,0.00
2134,0.00
2135,0.00
2136,0.00
2137,0.00
2138,0.00
2139,0.00
2140,0.00
2141,0.00
2142,0.00
2143,16.89
2144,93.56
2145,136.68
2146,222.28
2147,264.18
2148,219.37
2149,269.41
2150,312.83
2151,315.24
2152,346.51
2153,272.27
2154,140.65
2155,26.07
2156,0.00
2157,0.00
2158,0.00
2159,0.00
2160,0.00
2161,0.00
2162,0.00
2163,0.00
2164,0.00
2165,0.00
2166,0.00
2167,34.59
2168,172.06
2169,335.60
2170,556.30
2171,668.58
2172,681.41
2173,703.82
2174,650.60
2175,596.81
2176,462.29
2177,330.10
2178,201.44
2179,39.30
2180,0.00
2181,0.00
2182,0.00
2183,0.00
2184,0.00
2185,0.00
2186,0.00
2187,0.00
2188,0.00
2189,0.00
2190,0.00
2191,44.26
2192,197.78
2193,352.97
2194,525.50
2195,656.85
2196,725.76
2197,813.42
2198,656.58
2199,631.28
2200,527.87
2201,412.97
2202,232.96
2203,50.21
2204,0.00
2205,0.00
2206,0.00
2207,0.00
2208,0.00
2209,0.00
2210,0.00
2211,0.00
2212,0.00
2213,0.00
2214,0.00
2215,38.04
2216,216.20
2217,370.18
2218,494.04
2219,580.77
2220,636.44
2221,539.72
2222,539.26
2223,495.20
2224,208.90
2225,218.26
2226,94.29
2227,5.95
2228,0.00
2229,0.00
2230,0.00
2231,0.00
2232,0.00
2233,0.00
2234,0.00
2235,0.00
2236,0.00
2237,0.00
2238,0.00
2239,7.04
2240,24.07
2241,45.09
2242,137.40
2243,240.27
2244,328.24
2245,323.96
2246,273.07
2247,312.64
2248,137.13
2249,178.86
2250,89.20
2251,17.92
2252,0.00
2253,0.00
2254,0.00
2255,0.00
2256,0.00
2257,0.00
2258,0.00
2259,0.00
2260,0.00
2261,0.00
2262,0.00
2263,29.79
2264,90.31
2265,201.03
2266,219.92
2267,256.98
2268,310.25
2269,346.27
2270,250.49
2271,361.65
2272,300.26
2273,212.19
2274,138.05
2275,40.43
2276,0.00
2277,0.00
2278,0.00
2279,0.00
2280,0.00
2281,0.00
2282,0.00
2283,0.00
2284,0.00
2285,0.00
2286,0.00
2287,9.36
2288,39.03
2289,63.38
2290,61.47
2291,91.46
2292,124.84
2293,214.58
2294,255.44
2295,208.57
2296,196.45
2297,116.69
2298,66.26
2299,20.23
2300,0.00
2301,0.00
2302,0.00
2303,0.00
2304,0.00
2305,0.00
2306,0.00
2307,0.00
2308,0.00
2309,0.00
2310,0.00
2311,36.01
2312,93.13
2313,155.86
2314,282.78
2315,469.99
2316,477.96
2317,392.04
2318,386.78
2319,384.61
2320,294.76
2321,214.36
2322,168.97
2323,47.89
2324,0.00
2325,0.00
2326,0.00
2327,0.00
2328,0.00
2329,0.00
2330,0.00
2331,0.00
2332,0.00
2333,0.00
2334,0.00
2335,27.41
2336,95.30
2337,164.96
2338,231.86
2339,434.01
2340,474.30
2341,490.03
2342,473.83
2343,523.75
2344,483.49
2345,390.49
2346,220.32
2347,65.54
2348,0.00
2349,0.00
2350,0.00
2351,0.00
2352,0.00
2353,0.00
2354,0.00
2355,0.00
2356,0.00
2357,0.00
2358,0.00
2359,62.18
2360,210.16
2361,351.53
2362,496.76
2363,579.66
2364,646.13
2365,693.22
2366,606.28
2367,443.82
2368,288.51
2369,261.24
2370,134.02
2371,45.39
2372,0.00
2373,0.00
2374,0.00
2375,0.00
2376,0.00
2377,0.00
2378,0.00
2379,0.00
2380,0.00
2381,0.00
2382,0.00
2383,77.38
2384,260.52
2385,407.23
2386,578.30
2387,714.12
2388,744.57
2389,712.76
2390,748.57
2391,681.88
2392,610.50
2393,389.73
2394,191.57
2395,69.07
2396,0.00
2397,0.00
2398,0.00
2399,0.00
2400,0.00
2401,0.00
2402,0.00
2403,0.00
2404,0.00
2405,0.00
2406,0.00
2407,92.15
2408,272.44
2409,429.84
2410,576.92
2411,607.31
2412,544.18
2413,544.43
2414,572.12
2415,586.11
2416,514.23
2417,392.99
2418,241.48
2419,61.88
2420,0.00
2421,0.00
2422,0.00
2423,0.00
2424,0.00
2425,0.00
2426,0.00
2427,0.00
2428,0.00
2429,0.00
2430,0.00
2431,54.11
2432,137.92
2433,228.33
2434,253.31
2435,378.87
2436,458.77
2437,522.51
2438,515.44
2439,527.76
2440,387.18
2441,303.10
2442,157.97
2443,58.07
2444,0.00
2445,0.00
2446,0.00
2447,0.00
2448,0.00
2449,0.00
2450,0.00
2451,0.00
2452,0.00
2453,0.00
2454,0.00
2455,60.78
2456,145.92
2457,232.57
2458,321.69
2459,415.65
2460,336.08
2461,252.84
2462,321.93
2463,261.79
2464,241.62
2465,162.07
2466,90.89
2467,31.25
2468,0.00
2469,0.00
2470,0.00
2471,0.00
2472,0.00
2473,0.00
2474,0.00
2475,0.00
2476,0.00
2477,0.00
2478,0.00
2479,17.36
2480,63.12
2481,66.11
2482,72.90
2483,139.81
2484,321.08
2485,356.40
2486,366.41
2487,310.44
2488,292.54
2489,242.22
2490,160.33
2491,56.75
2492,0.00
2493,0.00
2494,0.00
2495,0.00
2496,0.00
2497,0.00
2498,0.00
2499,0.00
2500,0.00
2501,0.00
2502,0.00
2503,90.38
2504,224.05
2505,320.08
2506,431.78
2507,497.16
2508,492.79
2509,540.04
2510,496.65
2511,417.90
2512,377.29
2513,262.72
2514,88.01
2515,27.42
2516,0.00
2517,0.00
2518,0.00
2519,0.00
2520,0.00
2521,0.00
2522,0.00
2523,0.00
2524,0.00
2525,0.00
2526,0.00
2527,43.07
2528,116.62
2529,149.88
2530,283.52
2531,399.76
2532,396.01
2533,424.11
2534,430.96
2535,367.55
2536,359.31
2537,251.93
2538,162.39
2539,56.92
2540,0.00
2541,0.00
2542,0.00
2543,0.00
2544,0.00
2545,0.00
2546,0.00
2547,0.00
2548,0.00
2549,0.00
2550,0.00
2551,112.75
2552,270.46
2553,395.15
2554,517.03
2555,640.89
2556,641.55
2557,676.84
2558,726.32
2559,663.36
2560,543.81
2561,430.88
2562,248.70
2563,97.65
2564,0.00
2565,0.00
2566,0.00
2567,0.00
2568,0.00
2569,0.00
2570,0.00
2571,0.00
2572,0.00
2573,0.00
2574,0.00
2575,95.87
2576,306.41
2577,449.85
2578,607.09
2579,699.05
2580,783.92
2581,858.99
2582,826.73
2583,746.79
2584,654.07
2585,484.08
2586,303.21
2587,125.27
2588,0.00
2589,0.00
2590,0.00
2591,0.00
2592,0.00
2593,0.00
2594,0.00
2595,0.00
2596,0.00
2597,0.00
2598,0.00
2599,106.96
2600,265.56
2601,456.02
2602,580.13
2603,665.44
2604,668.50
2605,737.28
2606,761.73
2607,645.54
2608,479.35
2609,384.10
2610,238.98
2611,104.35
2612,0.00
2613,0.00
2614,0.00
2615,0.00
2616,0.00
2617,0.00
2618,0.00
2619,0.00
2620,0.00
2621,0.00
2622,0.00
2623,83.08
2624,216.16
2625,367.78
2626,462.54
2627,661.04
2628,666.02
2629,728.02
2630,633.67
2631,589.24
2632,482.74
2633,377.19
2634,218.55
2635,136.87
2636,0.00
2637,0.00
2638,0.00
2639,0.00
2640,0.00
2641,0.00
2642,0.00
2643,0.00
2644,0.00
2645,0.00
2646,0.00
2647,131.51
2648,311.23
2649,406.94
2650,578.16
2651,687.24
2652,736.00
2653,773.20
2654,715.32
2655,671.15
2656,568.23
2657,461.90
2658,302.69
2659,130.41
2660,0.00
2661,0.00
2662,0.00
2663,0.00
2664,0.00
2665,0.00
2666,0.00
2667,0.00
2668,0.00
2669,0.00
2670,0.00
2671,139.55
2672,316.51
2673,473.20
2674,643.20
2675,711.50
2676,821.86
2677,826.39
2678,522.45
2679,592.43
2680,518.60
2681,434.91
2682,289.33
2683,151.12
2684,0.00
2685,0.00
2686,0.00
2687,0.00
2688,0.00
2689,0.00
2690,0.00
2691,0.00
2692,0.00
2693,0.00
2694,0.00
2695,131.76
2696,270.06
2697,411.42
2698,524.26
2699,621.17
2700,655.12
2701,853.57
2702,821.55
2703,712.55
2704,678.03
2705,497.15
2706,325.04
2707,146.61
2708,0.00
2709,0.00
2710,0.00
2711,0.00
2712,0.00
2713,0.00
2714,0.00
2715,0.00
2716,0.00
2717,0.00
2718,0.00
2719,84.33
2720,176.11
2721,210.71
2722,302.76
2723,366.24
2724,399.66
2725,409.11
2726,404.60
2727,389.31
2728,299.36
2729,218.62
2730,183.61
2731,77.71
2732,0.00
2733,0.00
2734,0.00
2735,0.00
2736,0.00
2737,0.00
2738,0.00
2739,0.00
2740,0.00
2741,0.00
2742,0.00
2743,137.54
2744,312.47
2745,440.18
2746,535.47
2747,570.33
2748,377.59
2749,409.02
2750,428.49
2751,419.19
2752,355.55
2753,257.53
2754,126.75
2755,83.10
2756,0.00
2757,0.00
2758,0.00
2759,0.00
2760,0.00
2761,0.00
2762,0.00
2763,0.00
2764,0.00
2765,0.00
2766,0.00
2767,160.80
2768,334.59
2769,528.21
2770,679.16
2771,738.25
2772,741.73
2773,856.79
2774,829.53
2775,807.34
2776,675.64
2777,516.58
2778,338.81
2779,133.14
2780,0.00
2781,0.00
2782,0.00
2783,0.00
2784,0.00
2785,0.00
2786,0.00
2787,0.00
2788,0.00
2789,0.00
2790,0.00
2791,161.32
2792,343.73
2793,453.74
2794,572.99
2795,634.33
2796,729.71
2797,808.33
2798,761.88
2799,690.58
2800,595.15
2801,474.17
2802,302.47
2803,159.83
2804,0.00
2805,0.00
2806,0.00
2807,0.00
2808,0.00
2809,0.00
2810,0.00
2811,0.00
2812,0.00
2813,0.00
2814,0.00
2815,147.73
2816,371.78
2817,525.97
2818,649.31
2819,734.28
2820,790.69
2821,717.20
2822,611.68
2823,553.93
2824,475.28
2825,346.39
2826,195.02
2827,98.98
2828,0.00
2829,0.00
2830,0.00
2831,0.00
2832,0.00
2833,0.00
2834,0.00
2835,0.00
2836,0.00
2837,0.00
2838,0.00
2839,49.16
2840,58.17
2841,139.67
2842,225.65
2843,220.73
2844,204.86
2845,154.43
2846,162.19
2847,253.31
2848,233.31
2849,204.05
2850,164.29
2851,78.78
2852,0.00
2853,0.00
2854,0.00
2855,0.00
2856,0.00
2857,0.00
2858,0.00
2859,0.00
2860,0.00
2861,0.00
2862,0.00
2863,131.96
2864,272.78
2865,429.48
2866,532.26
2867,435.21
2868,396.78
2869,452.51
2870,481.55
2871,400.98
2872,244.88
2873,128.50
2874,81.57
2875,40.42
2876,0.00
2877,0.00
2878,0.00
2879,0.00
2880,0.00
2881,0.00
2882,0.00
2883,0.00
2884,0.00
2885,0.00
2886,0.13
2887,26.02
2888,56.06
2889,56.40
2890,135.40
2891,154.65
2892,213.93
2893,201.61
2894,296.46
2895,289.77
2896,242.81
2897,188.16
2898,222.35
2899,123.18
2900,0.63
2901,0.00
2902,0.00
2903,0.00
2904,0.00
2905,0.00
2906,0.00
2907,0.00
2908,0.00
2909,0.00
2910,4.87
2911,164.52
2912,327.48
2913,435.97
2914,551.22
2915,681.41
2916,736.81
2917,812.86
2918,858.91
2919,832.64
2920,682.42
2921,518.33
2922,353.47
2923,187.90
2924,5.33
2925,0.00
2926,0.00
2927,0.00
2928,0.00
2929,0.00
2930,0.00
2931,0.00
2932,0.00
2933,0.00
2934,6.99
2935,148.65
2936,273.56
2937,70.82
2938,129.13
2939,144.65
2940,189.40
2941,107.38
2942,81.96
2943,183.03
2944,181.83
2945,181.62
2946,113.41
2947,38.91
2948,1.90
2949,0.00
2950,0.00
2951,0.00
2952,0.00
2953,0.00
2954,0.00
2955,0.00
2956,0.00
2957,0.00
2958,6.19
2959,85.14
2960,150.00
2961,213.86
2962,165.10
2963,333.64
2964,429.13
2965,397.70
2966,361.81
2967,394.11
2968,312.24
2969,258.49
2970,134.89
2971,77.21
2972,4.56
2973,0.00
2974,0.00
2975,0.00
2976,0.00
2977,0.00
2978,0.00
2979,0.00
2980,0.00
2981,0.00
2982,2.80
2983,32.91
2984,220.15
2985,312.99
2986,401.00
2987,449.89
2988,524.64
2989,520.44
2990,518.99
2991,280.50
2992,327.01
2993,206.97
2994,190.94
2995,141.01
2996,11.61
2997,0.00
2998,0.00
2999,0.00
3000,0.00
3001,0.00
3002,0.00
3003,0.00
3004,0.00
3005,0.00
3006,17.09
3007,160.25
3008,238.10
3009,270.18
3010,476.81
3011,726.84
3012,733.01
3013,749.99
3014,604.09
3015,731.45
3016,677.70
3017,524.86
3018,331.14
3019,188.30
3020,19.36
3021,0.00
3022,0.00
3023,0.00
3024,0.00
3025,0.00
3026,0.00
3027,0.00
3028,0.00
3029,0.00
3030,22.31
3031,187.78
3032,309.50
3033,335.86
3034,405.81
3035,488.65
3036,485.04
3037,519.07
3038,571.66
3039,591.65
3040,571.21
3041,405.66
3042,274.10
3043,103.06
3044,15.69
3045,0.00
3046,0.00
3047,0.00
3048,0.00
3049,0.00
3050,0.00
3051,0.00
3052,0.00
3053,0.00
3054,14.08
3055,111.78
3056,208.98
3057,397.51
3058,563.82
3059,696.27
3060,740.65
3061,766.65
3062,652.55
3063,657.63
3064,601.61
3065,538.35
3066,373.68
3067,195.43
3068,28.31
3069,0.00
3070,0.00
3071,0.00
3072,0.00
3073,0.00
3074,0.00
3075,0.00
3076,0.00
3077,0.00
3078,28.85
3079,181.76
3080,323.16
3081,504.80
3082,614.68
3083,722.12
3084,792.27
3085,822.46
3086,653.23
3087,525.86
3088,590.69
3089,523.05
3090,385.14
3091,210.67
3092,28.02
3093,0.00
3094,0.00
3095,0.00
3096,0.00
3097,0.00
3098,0.00
3099,0.00
3100,0.00
3101,0.00
3102,22.00
3103,147.88
3104,279.80
3105,289.73
3106,242.09
3107,285.27
3108,324.92
3109,398.75
3110,397.66
3111,523.89
3112,390.96
3113,245.08
3114,181.49
3115,95.16
3116,22.13
3117,0.00
3118,0.00
3119,0.00
3120,0.00
3121,0.00
3122,0.00
3123,0.00
3124,0.00
3125,0.00
3126,28.12
3127,171.05
3128,349.03
3129,467.60
3130,653.36
3131,727.11
3132,680.02
3133,723.74
3134,666.06
3135,624.58
3136,693.42
3137,541.46
3138,393.86
3139,205.16
3140,38.54
3141,0.00
3142,0.00
3143,0.00
3144,0.00
3145,0.00
3146,0.00
3147,0.00
3148,0.00
3149,0.00
3150,28.75
3151,125.93
3152,250.81
3153,411.98
3154,363.54
3155,393.07
3156,464.60
3157,491.11
3158,465.75
3159,424.79
3160,427.32
3161,316.21
3162,221.93
3163,121.28
3164,22.78
3165,0.00
3166,0.00
3167,0.00
3168,0.00
3169,0.00
3170,0.00
3171,0.00
3172,0.00
3173,0.00
3174,28.68
3175,153.37
3176,288.37
3177,393.46
3178,443.85
3179,503.84
3180,571.04
3181,816.00
3182,787.64
3183,752.72
3184,716.29
3185,506.42
3186,373.68
3187,172.56
3188,37.22
3189,0.00
3190,0.00
3191,0.00
3192,0.00
3193,0.00
3194,0.00
3195,0.00
3196,0.00
3197,0.00
3198,8.05
3199,47.24
3200,63.49
3201,55.41
3202,66.95
3203,260.91
3204,220.78
3205,168.30
3206,147.73
3207,161.02
3208,165.69
3209,137.21
3210,112.30
3211,54.60
3212,8.15
3213,0.00
3214,0.00
3215,0.00
3216,0.00
3217,0.00
3218,0.00
3219,0.00
3220,0.00
3221,0.00
3222,22.13
3223,104.84
3224,197.30
3225,243.87
3226,389.02
3227,445.28
3228,486.05
3229,433.75
3230,700.24
3231,641.46
3232,637.64
3233,462.39
3234,329.67
3235,208.54
3236,47.01
3237,0.00
3238,0.00
3239,0.00
3240,0.00
3241,0.00
3242,0.00
3243,0.00
3244,0.00
3245,0.00
3246,50.38
3247,244.46
3248,402.57
3249,561.05
3250,721.88
3251,795.16
3252,869.43
3253,889.87
3254,813.88
3255,736.07
3256,637.17
3257,515.90
3258,361.52
3259,191.48
3260,46.59
3261,0.00
3262,0.00
3263,0.00
3264,0.00
3265,0.00
3266,0.00
3267,0.00
3268,0.00
3269,0.00
3270,44.89
3271,192.58
3272,316.50
3273,454.71
3274,549.92
3275,626.58
3276,809.82
3277,635.54
3278,746.20
3279,779.37
3280,716.79
3281,548.76
3282,410.80
3283,210.96
3284,54.66
3285,0.00
3286,0.00
3287,0.00
3288,0.00
3289,0.00
3290,0.00
3291,0.00
3292,0.00
3293,0.00
3294,44.63
3295,186.12
3296,340.18
3297,578.27
3298,693.60
3299,863.58
3300,872.63
3301,900.79
3302,913.91
3303,728.84
3304,670.70
3305,514.68
3306,253.58
3307,118.58
3308,31.54
3309,0.00
3310,0.00
3311,0.00
3312,0.00
3313,0.00
3314,0.00
3315,0.00
3316,0.00
3317,0.00
3318,6.80
3319,32.08
3320,56.93
3321,65.70
3322,102.90
3323,183.94
3324,88.48
3325,187.09
3326,152.41
3327,163.01
3328,326.82
3329,444.37
3330,309.58
3331,150.48
3332,41.23
3333,0.00
3334,0.00
3335,0.00
3336,0.00
3337,0.00
3338,0.00
3339,0.00
3340,0.00
3341,0.00
3342,32.13
3343,111.72
3344,198.89
3345,338.35
3346,398.38
3347,494.10
3348,596.78
3349,634.10
3350,834.68
3351,698.16
3352,505.09
3353,378.56
3354,227.42
3355,133.13
3356,36.54
3357,0.00
3358,0.00
3359,0.00
3360,0.00
3361,0.00
3362,0.00
3363,0.00
3364,0.00
3365,0.00
3366,61.50
3367,170.98
3368,316.04
3369,477.08
3370,519.30
3371,529.08
3372,545.32
3373,440.38
3374,406.81
3375,482.82
3376,593.96
3377,458.66
3378,327.94
3379,174.80
3380,51.22
3381,0.00
3382,0.00
3383,0.00
3384,0.00
3385,0.00
3386,0.00
3387,0.00
3388,0.00
3389,0.00
3390,75.14
3391,247.92
3392,387.27
3393,549.11
3394,690.49
3395,804.42
3396,816.37
3397,922.84
3398,858.85
3399,839.83
3400,609.21
3401,544.81
3402,333.75
3403,198.38
3404,55.27
3405,0.00
3406,0.00
3407,0.00
3408,0.00
3409,0.00
3410,0.00
3411,0.00
3412,0.00
3413,0.00
3414,38.67
3415,122.70
3416,299.42
3417,411.32
3418,437.21
3419,517.83
3420,645.76
3421,611.36
3422,825.61
3423,770.69
3424,639.31
3425,623.73
3426,374.12
3427,242.39
3428,72.35
3429,0.00
3430,0.00
3431,0.00
3432,0.00
3433,0.00
3434,0.00
3435,0.00
3436,0.00
3437,0.00
3438,83.31
3439,260.34
3440,344.17
3441,361.12
3442,374.84
3443,394.82
3444,426.95
3445,407.51
3446,315.95
3447,271.57
3448,108.50
3449,83.77
3450,55.58
3451,26.43
3452,9.73
3453,0.00
3454,0.00
3455,0.00
3456,0.00
3457,0.00
3458,0.00
3459,0.00
3460,0.00
3461,0.00
3462,14.37
3463,57.96
3464,106.79
3465,127.36
3466,106.79
3467,119.34
3468,184.13
3469,405.04
3470,533.89
3471,527.21
3472,459.86
3473,327.69
3474,254.45
3475,155.48
3476,48.64
3477,0.00
3478,0.00
3479,0.00
3480,0.00
3481,0.00
3482,0.00
3483,0.00
3484,0.00
3485,0.00
3486,61.09
3487,209.17
3488,396.08
3489,575.09
3490,706.51
3491,813.20
3492,889.90
3493,949.87
3494,815.86
3495,431.22
3496,305.39
3497,182.43
3498,182.89
3499,119.30
3500,38.62
3501,0.00
3502,0.00
3503,0.00
3504,0.00
3505,0.00
3506,0.00
3507,0.00
3508,0.00
3509,0.00
3510,78.95
3511,227.82
3512,358.15
3513,519.31
3514,617.05
3515,754.62
3516,608.12
3517,598.47
3518,514.76
3519,503.65
3520,423.06
3521,317.14
3522,129.52
3523,107.05
3524,34.93
3525,0.00
3526,0.00
3527,0.00
3528,0.00
3529,0.00
3530,0.00
3531,0.00
3532,0.00
3533,0.00
3534,42.46
3535,147.85
3536,297.09
3537,393.27
3538,428.83
3539,465.24
3540,611.97
3541,452.52
3542,473.50
3543,495.66
3544,416.91
3545,339.96
3546,321.66
3547,203.87
3548,50.54
3549,0.00
3550,0.00
3551,0.00
3552,0.00
3553,0.00
3554,0.00
3555,0.00
3556,0.00
3557,0.00
3558,74.69
3559,219.37
3560,380.55
3561,466.90
3562,583.69
3563,671.98
3564,825.86
3565,839.46
3566,905.50
3567,783.33
3568,696.97
3569,543.10
3570,427.72
3571,265.70
3572,85.72
3573,0.00
3574,0.00
3575,0.00
3576,0.00
3577,0.00
3578,0.00
3579,0.00
3580,0.00
3581,0.00
3582,93.93
3583,279.06
3584,388.69
3585,593.03
3586,739.77
3587,753.07
3588,913.01
3589,844.18
3590,773.41
3591,700.37
3592,630.13
3593,582.83
3594,395.14
3595,241.52
3596,90.45
3597,0.00
3598,0.00
3599,0.00
3600,0.00
3601,0.00
3602,0.00
3603,0.00
3604,0.00
3605,0.00
3606,74.76
3607,159.07
3608,141.39
3609,261.18
3610,275.06
3611,390.19
3612,491.88
3613,498.38
3614,432.99
3615,357.56
3616,392.66
3617,358.74
3618,198.85
3619,99.52
3620,40.54
3621,0.00
3622,0.00
3623,0.00
3624,0.00
3625,0.00
3626,0.00
3627,0.00
3628,0.00
3629,0.00
3630,63.40
3631,172.72
3632,250.51
3633,427.53
3634,421.35
3635,434.43
3636,511.41
3637,620.53
3638,662.20
3639,687.19
3640,584.58
3641,403.78
3642,258.59
3643,158.47
3644,58.87
3645,0.00
3646,0.00
3647,0.00
3648,0.00
3649,0.00
3650,0.00
3651,0.00
3652,0.00
3653,0.00
3654,40.03
3655,107.00
3656,194.09
3657,270.50
3658,346.21
3659,385.01
3660,429.47
3661,305.53
3662,285.10
3663,250.89
3664,385.14
3665,334.27
3666,271.86
3667,164.95
3668,57.58
3669,0.00
3670,0.00
3671,0.00
3672,0.00
3673,0.00
3674,0.00
3675,0.00
3676,0.00
3677,0.00
3678,67.83
3679,169.15
3680,308.60
3681,471.33
3682,621.69
3683,749.74
3684,697.19
3685,669.28
3686,738.85
3687,718.02
3688,644.66
3689,506.93
3690,384.67
3691,228.41
3692,94.53
3693,0.00
3694,0.00
3695,0.00
3696,0.00
3697,0.00
3698,0.00
3699,0.00
3700,0.00
3701,0.00
3702,92.21
3703,271.86
3704,439.25
3705,583.96
3706,762.46
3707,800.19
3708,819.39
3709,892.12
3710,820.40
3711,839.70
3712,744.99
3713,566.65
3714,395.84
3715,226.38
3716,96.95
3717,0.00
3718,0.00
3719,0.00
3720,0.00
3721,0.00
3722,0.00
3723,0.00
3724,0.00
3725,0.00
3726,95.18
3727,261.11
3728,401.03
3729,616.60
3730,716.93
3731,834.61
3732,879.99
3733,955.47
3734,863.11
3735,800.75
3736,591.15
3737,582.33
3738,433.17
3739,266.69
3740,94.68
3741,0.00
3742,0.00
3743,0.00
3744,0.00
3745,0.00
3746,0.00
3747,0.00
3748,0.00
3749,0.00
3750,91.46
3751,213.49
3752,312.21
3753,420.42
3754,568.45
3755,647.66
3756,866.74
3757,793.11
3758,647.34
3759,518.00
3760,383.54
3761,263.69
3762,205.93
3763,114.81
3764,36.00
3765,0.00
3766,0.00
3767,0.00
3768,0.00
3769,0.00
3770,0.00
3771,0.00
3772,0.00
3773,0.00
3774,47.28
3775,129.65
3776,149.75
3777,176.38
3778,198.99
3779,244.09
3780,379.53
3781,389.84
3782,344.14
3783,403.58
3784,300.14
3785,267.82
3786,139.61
3787,83.45
3788,34.20
3789,0.00
3790,0.00
3791,0.00
3792,0.00
3793,0.00
3794,0.00
3795,0.00
3796,0.00
3797,0.00
3798,10.03
3799,77.35
3800,197.44
3801,384.25
3802,449.77
3803,554.87
3804,621.26
3805,632.21
3806,611.73
3807,682.71
3808,646.47
3809,518.01
3810,377.48
3811,192.78
3812,89.80
3813,0.00
3814,0.00
3815,0.00
3816,0.00
3817,0.00
3818,0.00
3819,0.00
3820,0.00
3821,0.00
3822,86.07
3823,213.86
3824,370.28
3825,477.78
3826,533.40
3827,724.38
3828,758.23
3829,905.21
3830,960.17
3831,756.92
3832,666.75
3833,579.36
3834,428.03
3835,256.89
3836,99.55
3837,0.00
3838,0.00
3839,0.00
3840,0.00
3841,0.00
3842,0.00
3843,0.00
3844,0.00
3845,0.00
3846,108.39
3847,249.61
3848,392.97
3849,565.91
3850,679.71
3851,806.12
3852,551.62
3853,580.98
3854,397.79
3855,316.00
3856,313.76
3857,286.76
3858,272.21
3859,172.85
3860,85.79
3861,0.00
3862,0.00
3863,0.00
3864,0.00
3865,0.00
3866,0.00
3867,0.00
3868,0.00
3869,0.00
3870,95.05
3871,262.63
3872,403.96
3873,598.62
3874,733.67
3875,804.86
3876,770.29
3877,786.30
3878,803.69
3879,773.96
3880,672.72
3881,564.08
3882,415.77
3883,250.34
3884,100.41
3885,0.00
3886,0.00
3887,0.00
3888,0.00
3889,0.00
3890,0.00
3891,0.00
3892,0.00
3893,0.00
3894,87.54
3895,217.87
3896,322.75
3897,490.45
3898,546.65
3899,627.43
3900,750.13
3901,704.11
3902,739.01
3903,683.58
3904,588.54
3905,641.06
3906,461.12
3907,271.22
3908,111.75
3909,0.00
3910,0.00
3911,0.00
3912,0.00
3913,0.00
3914,0.00
3915,0.00
3916,0.00
3917,0.00
3918,87.81
3919,231.39
3920,384.74
3921,563.54
3922,625.41
3923,702.49
3924,647.24
3925,747.61
3926,813.30
3927,797.95
3928,778.79
3929,653.97
3930,461.12
3931,294.46
3932,103.21
3933,0.00
3934,0.00
3935,0.00
3936,0.00
3937,0.00
3938,0.00
3939,0.00
3940,0.00
3941,0.00
3942,94.92
3943,242.53
3944,411.95
3945,588.44
3946,683.76
3947,792.26
3948,872.90
3949,795.04
3950,741.03
3951,691.43
3952,401.55
3953,310.43
3954,181.88
3955,71.19
3956,24.05
3957,0.00
3958,0.00
3959,0.00
3960,0.00
3961,0.00
3962,0.00
3963,0.00
3964,0.00
3965,0.00
3966,84.74
3967,215.90
3968,310.85
3969,407.20
3970,506.11
3971,519.74
3972,549.70
3973,566.70
3974,571.89
3975,535.65
3976,518.52
3977,398.83
3978,297.72
3979,177.27
3980,64.51
3981,0.00
3982,0.00
3983,0.00
3984,0.00
3985,0.00
3986,0.00
3987,0.00
3988,0.00
3989,0.00
3990,61.89
3991,149.87
3992,404.51
3993,513.28
3994,770.54
3995,872.95
3996,946.65
3997,1025.91
3998,976.23
3999,840.46
4000,817.46
4001,594.18
4002,454.35
4003,274.96
4004,111.89
4005,0.00
4006,0.00
4007,0.00
4008,0.00
4009,0.00
4010,0.00
4011,0.00
4012,0.00
4013,0.00
4014,107.02
4015,254.71
4016,390.23
4017,541.01
4018,646.72
4019,776.20
4020,741.14
4021,662.90
4022,846.16
4023,808.43
4024,703.04
4025,583.00
4026,411.87
4027,268.34
4028,115.80
4029,0.00
4030,0.00
4031,0.00
4032,0.00
4033,0.00
4034,0.00
4035,0.00
4036,0.00
4037,0.00
4038,48.33
4039,117.17
4040,187.18
4041,252.32
4042,252.00
4043,310.31
4044,314.92
4045,297.32
4046,278.15
4047,345.80
4048,384.91
4049,294.88
4050,212.54
4051,147.53
4052,53.98
4053,0.00
4054,0.00
4055,0.00
4056,0.00
4057,0.00
4058,0.00
4059,0.00
4060,0.00
4061,0.00
4062,74.12
4063,235.77
4064,399.21
4065,584.59
4066,681.80
4067,773.25
4068,820.57
4069,826.49
4070,653.89
4071,767.09
4072,670.30
4073,508.91
4074,323.16
4075,191.18
4076,95.39
4077,0.00
4078,0.00
4079,0.00
4080,0.00
4081,0.00
4082,0.00
4083,0.00
4084,0.00
4085,0.00
4086,96.90
4087,233.71
4088,360.59
4089,504.21
4090,574.09
4091,578.72
4092,461.51
4093,335.90
4094,322.48
4095,496.47
4096,332.13
4097,298.43
4098,192.75
4099,105.63
4100,47.03
4101,0.00
4102,0.00
4103,0.00
4104,0.00
4105,0.00
4106,0.00
4107,0.00
4108,0.00
4109,0.00
4110,29.20
4111,76.21
4112,148.12
4113,216.38
4114,302.80
4115,335.60
4116,316.58
4117,186.26
4118,166.59
4119,141.32
4120,145.60
4121,121.79
4122,80.24
4123,93.30
4124,34.52
4125,0.00
4126,0.00
4127,0.00
4128,0.00
4129,0.00
4130,0.00
4131,0.00
4132,0.00
4133,0.00
4134,73.12
4135,199.97
4136,340.97
4137,455.12
4138,505.64
4139,725.98
4140,776.84
4141,725.94
4142,714.71
4143,632.55
4144,561.14
4145,427.19
4146,461.95
4147,277.04
4148,104.32
4149,0.00
4150,0.00
4151,0.00
4152,0.00
4153,0.00
4154,0.00
4155,0.00
4156,0.00
4157,0.00
4158,108.45
4159,258.80
4160,501.67
4161,667.00
4162,775.79
4163,855.50
4164,932.57
4165,904.25
4166,726.15
4167,686.68
4168,529.71
4169,508.41
4170,385.12
4171,238.74
4172,102.15
4173,0.00
4174,0.00
4175,0.00
4176,0.00
4177,0.00
4178,0.00
4179,0.00
4180,0.00
4181,0.00
4182,105.24
4183,262.95
4184,469.19
4185,569.83
4186,768.63
4187,770.24
4188,786.76
4189,738.55
4190,727.77
4191,683.64
4192,514.43
4193,417.08
4194,367.84
4195,257.95
4196,101.79
4197,0.00
4198,0.00
4199,0.00
4200,0.00
4201,0.00
4202,0.00
4203,0.00
4204,0.00
4205,0.00
4206,110.45
4207,271.27
4208,444.60
4209,617.94
4210,685.63
4211,861.93
4212,680.58
4213,720.47
4214,564.18
4215,494.32
4216,460.87
4217,313.31
4218,387.24
4219,252.07
4220,98.81
4221,0.00
4222,0.00
4223,0.00
4224,0.00
4225,0.00
4226,0.00
4227,0.00
4228,0.00
4229,0.00
4230,87.69
4231,203.91
4232,401.80
4233,622.72
4234,777.68
4235,867.82
4236,1011.78
4237,935.16
4238,806.33
4239,780.80
4240,754.86
4241,623.67
4242,447.20
4243,290.57
4244,91.00
4245,0.00
4246,0.00
4247,0.00
4248,0.00
4249,0.00
4250,0.00
4251,0.00
4252,0.00
4253,0.00
4254,64.66
4255,157.53
4256,219.45
4257,299.61
4258,343.27
4259,277.99
4260,105.97
4261,119.93
4262,111.43
4263,232.31
4264,288.37
4265,255.49
4266,136.61
4267,54.56
4268,33.70
4269,0.00
4270,0.00
4271,0.00
4272,0.00
4273,0.00
4274,0.00
4275,0.00
4276,0.00
4277,0.00
4278,15.14
4279,54.65
4280,63.72
4281,78.74
4282,207.62
4283,291.41
4284,265.74
4285,392.16
4286,311.71
4287,318.03
4288,291.20
4289,242.93
4290,195.99
4291,167.47
4292,52.81
4293,0.00
4294,0.00
4295,0.00
4296,0.00
4297,0.00
4298,0.00
4299,0.00
4300,0.00
4301,0.00
4302,35.54
4303,102.00
4304,184.47
4305,270.33
4306,336.72
4307,294.90
4308,217.03
4309,249.88
4310,216.78
4311,220.18
4312,372.23
4313,334.94
4314,209.19
4315,111.46
4316,44.20
4317,0.00
4318,0.00
4319,0.00
4320,0.00
4321,0.00
4322,0.00
4323,0.00
4324,0.00
4325,0.00
4326,55.73
4327,126.50
4328,168.54
4329,414.50
4330,479.67
4331,369.09
4332,334.64
4333,494.16
4334,518.32
4335,444.29
4336,526.69
4337,454.29
4338,322.39
4339,206.25
4340,75.75
4341,0.00
4342,0.00
4343,0.00
4344,0.00
4345,0.00
4346,0.00
4347,0.00
4348,0.00
4349,0.00
4350,95.27
4351,224.83
4352,352.81
4353,477.30
4354,614.56
4355,733.33
4356,790.52
4357,852.46
4358,808.34
4359,674.53
4360,596.38
4361,600.43
4362,412.35
4363,245.13
4364,99.45
4365,0.00
4366,0.00
4367,0.00
4368,0.00
4369,0.00
4370,0.00
4371,0.00
4372,0.00
4373,0.00
4374,35.20
4375,58.71
4376,52.06
4377,72.38
4378,146.31
4379,166.04
4380,335.15
4381,305.46
4382,269.08
4383,222.65
4384,142.99
4385,134.13
4386,115.81
4387,70.59
4388,24.62
4389,0.00
4390,0.00
4391,0.00
4392,0.00
4393,0.00
4394,0.00
4395,0.00
4396,0.00
4397,0.00
4398,45.01
4399,114.79
4400,253.67
4401,146.83
4402,297.29
4403,588.30
4404,516.94
4405,558.70
4406,550.65
4407,624.65
4408,545.54
4409,432.46
4410,501.44
4411,231.31
4412,85.39
4413,0.00
4414,0.00
4415,0.00
4416,0.00
4417,0.00
4418,0.00
4419,0.00
4420,0.00
4421,0.00
4422,105.54
4423,262.20
4424,422.57
4425,620.38
4426,767.64
4427,880.22
4428,751.84
4429,769.20
4430,771.37
4431,720.62
4432,719.30
4433,538.59
4434,397.51
4435,243.68
4436,92.28
4437,0.00
4438,0.00
4439,0.00
4440,0.00
4441,0.00
4442,0.00
4443,0.00
4444,0.00
4445,0.00
4446,53.07
4447,135.87
4448,160.67
4449,151.02
4450,104.73
4451,115.53
4452,151.19
4453,129.89
4454,326.84
4455,407.32
4456,328.18
4457,371.69
4458,288.32
4459,230.14
4460,69.82
4461,0.00
4462,0.00
4463,0.00
4464,0.00
4465,0.00
4466,0.00
4467,0.00
4468,0.00
4469,0.00
4470,52.19
4471,133.12
4472,229.49
4473,314.82
4474,283.36
4475,381.48
4476,451.40
4477,534.66
4478,504.52
4479,421.01
4480,418.79
4481,315.18
4482,238.78
4483,192.13
4484,73.25
4485,0.00
4486,0.00
4487,0.00
4488,0.00
4489,0.00
4490,0.00
4491,0.00
4492,0.00
4493,0.00
4494,96.05
4495,267.58
4496,429.74
4497,557.99
4498,580.90
4499,674.74
4500,727.38
4501,696.25
4502,636.56
4503,438.14
4504,352.77
4505,261.92
4506,166.46
4507,104.85
4508,59.20
4509,0.00
4510,0.00
4511,0.00
4512,0.00
4513,0.00
4514,0.00
4515,0.00
4516,0.00
4517,0.00
4518,41.05
4519,84.17
4520,148.79
4521,251.78
4522,291.34
4523,513.77
4524,508.78
4525,495.05
4526,519.40
4527,619.08
4528,535.49
4529,460.36
4530,376.28
4531,243.59
4532,92.65
4533,0.00
4534,0.00
4535,0.00
4536,0.00
4537,0.00
4538,0.00
4539,0.00
4540,0.00
4541,0.00
4542,53.29
4543,202.58
4544,228.81
4545,424.29
4546,727.93
4547,822.01
4548,798.51
4549,706.17
4550,809.91
4551,877.18
4552,718.12
4553,559.27
4554,461.15
4555,287.11
4556,82.62
4557,0.00
4558,0.00
4559,0.00
4560,0.00
4561,0.00
4562,0.00
4563,0.00
4564,0.00
4565,0.00
4566,45.34
4567,125.23
4568,126.31
4569,166.36
4570,151.54
4571,144.35
4572,200.91
4573,174.64
4574,159.47
4575,111.58
4576,106.23
4577,88.94
4578,71.13
4579,31.06
4580,13.07
4581,0.00
4582,0.00
4583,0.00
4584,0.00
4585,0.00
4586,0.00
4587,0.00
4588,0.00
4589,0.00
4590,70.50
4591,152.69
4592,200.21
4593,300.37
4594,326.51
4595,463.32
4596,456.03
4597,514.10
4598,518.23
4599,436.25
4600,384.50
4601,419.19
4602,286.02
4603,178.72
4604,73.25
4605,0.00
4606,0.00
4607,0.00
4608,0.00
4609,0.00
4610,0.00
4611,0.00
4612,0.00
4613,0.00
4614,82.94
4615,226.90
4616,406.01
4617,515.40
4618,639.85
4619,662.70
4620,671.78
4621,825.29
4622,796.05
4623,691.69
4624,623.08
4625,461.06
4626,349.44
4627,160.32
4628,62.77
4629,0.00
4630,0.00
4631,0.00
4632,0.00
4633,0.00
4634,0.00
4635,0.00
4636,0.00
4637,0.00
4638,79.96
4639,240.58
4640,385.10
4641,503.45
4642,773.76
4643,836.98
4644,858.80
4645,697.06
4646,810.52
4647,774.42
4648,610.49
4649,547.29
4650,294.96
4651,178.65
4652,57.96
4653,0.00
4654,0.00
4655,0.00
4656,0.00
4657,0.00
4658,0.00
4659,0.00
4660,0.00
4661,0.00
4662,91.74
4663,242.27
4664,383.73
4665,611.37
4666,520.05
4667,740.72
4668,727.08
4669,543.97
4670,594.16
4671,597.73
4672,405.70
4673,398.02
4674,306.02
4675,180.47
4676,67.23
4677,0.00
4678,0.00
4679,0.00
4680,0.00
4681,0.00
4682,0.00
4683,0.00
4684,0.00
4685,0.00
4686,56.89
4687,183.79
4688,332.90
4689,476.66
4690,546.56
4691,705.02
4692,623.45
4693,670.85
4694,770.40
4695,613.41
4696,775.94
4697,612.55
4698,471.46
4699,269.47
4700,93.19
4701,0.00
4702,0.00
4703,0.00
4704,0.00
4705,0.00
4706,0.00
4707,0.00
4708,0.00
4709,0.00
4710,75.26
4711,210.73
4712,300.23
4713,403.83
4714,496.38
4715,593.32
4716,651.98
4717,738.17
4718,858.20
4719,728.49
4720,637.97
4721,521.28
4722,379.69
4723,241.56
4724,78.91
4725,0.00
4726,0.00
4727,0.00
4728,0.00
4729,0.00
4730,0.00
4731,0.00
4732,0.00
4733,0.00
4734,87.66
4735,270.03
4736,448.73
4737,625.32
4738,720.11
4739,823.46
4740,929.38
4741,888.83
4742,881.44
4743,838.44
4744,725.81
4745,582.60
4746,453.05
4747,269.30
4748,88.43
4749,0.00
4750,0.00
4751,0.00
4752,0.00
4753,0.00
4754,0.00
4755,0.00
4756,0.00
4757,0.00
4758,63.99
4759,218.07
4760,347.43
4761,525.18
4762,538.90
4763,526.15
4764,497.60
4765,359.18
4766,300.86
4767,361.56
4768,197.84
4769,277.46
4770,145.79
4771,45.60
4772,23.04
4773,0.00
4774,0.00
4775,0.00
4776,0.00
4777,0.00
4778,0.00
4779,0.00
4780,0.00
4781,0.00
4782,22.10
4783,61.96
4784,188.09
4785,227.69
4786,269.29
4787,306.15
4788,427.95
4789,346.31
4790,366.52
4791,350.57
4792,253.32
4793,201.64
4794,208.93
4795,121.89
4796,31.93
4797,0.00
4798,0.00
4799,0.00
4800,0.00
4801,0.00
4802,0.00
4803,0.00
4804,0.00
4805,0.00
4806,34.40
4807,112.02
4808,151.77
4809,175.12
4810,252.55
4811,276.66
4812,321.60
4813,295.18
4814,325.69
4815,269.17
4816,336.16
4817,288.44
4818,288.24
4819,151.23
4820,76.41
4821,0.00
4822,0.00
4823,0.00
4824,0.00
4825,0.00
4826,0.00
4827,0.00
4828,0.00
4829,0.00
4830,36.11
4831,77.04
4832,197.09
4833,245.84
4834,372.53
4835,460.56
4836,472.23
4837,486.11
4838,354.77
4839,153.84
4840,241.27
4841,202.72
4842,144.33
4843,71.33
4844,22.72
4845,0.00
4846,0.00
4847,0.00
4848,0.00
4849,0.00
4850,0.00
4851,0.00
4852,0.00
4853,0.00
4854,29.58
4855,117.79
4856,201.43
4857,313.56
4858,435.45
4859,457.11
4860,510.96
4861,426.02
4862,443.09
4863,355.58
4864,354.81
4865,352.05
4866,262.03
4867,158.59
4868,49.45
4869,0.00
4870,0.00
4871,0.00
4872,0.00
4873,0.00
4874,0.00
4875,0.00
4876,0.00
4877,0.00
4878,68.46
4879,239.24
4880,398.49
4881,573.01
4882,713.77
4883,838.84
4884,890.29
4885,861.40
4886,898.30
4887,855.18
4888,723.80
4889,593.37
4890,445.89
4891,256.62
4892,70.01
4893,0.00
4894,0.00
4895,0.00
4896,0.00
4897,0.00
4898,0.00
4899,0.00
4900,0.00
4901,0.00
4902,72.07
4903,253.54
4904,384.96
4905,551.31
4906,619.04
4907,567.67
4908,597.41
4909,617.92
4910,425.77
4911,416.69
4912,432.47
4913,384.25
4914,286.85
4915,159.76
4916,47.49
4917,0.00
4918,0.00
4919,0.00
4920,0.00
4921,0.00
4922,0.00
4923,0.00
4924,0.00
4925,0.00
4926,70.06
4927,258.54
4928,398.72
4929,565.78
4930,711.10
4931,801.86
4932,838.99
4933,789.19
4934,872.44
4935,799.95
4936,731.23
4937,594.21
4938,436.30
4939,226.38
4940,63.70
4941,0.00
4942,0.00
4943,0.00
4944,0.00
4945,0.00
4946,0.00
4947,0.00
4948,0.00
4949,0.00
4950,65.98
4951,248.72
4952,426.35
4953,583.03
4954,728.77
4955,874.66
4956,912.85
4957,932.75
4958,779.62
4959,842.38
4960,714.34
4961,554.01
4962,429.65
4963,245.54
4964,63.86
4965,0.00
4966,0.00
4967,0.00
4968,0.00
4969,0.00
4970,0.00
4971,0.00
4972,0.00
4973,0.00
4974,57.62
4975,197.44
4976,326.69
4977,466.55
4978,629.84
4979,756.17
4980,895.34
4981,971.30
4982,839.39
4983,644.55
4984,600.58
4985,467.05
4986,377.72
4987,214.06
4988,70.91
4989,0.00
4990,0.00
4991,0.00
4992,0.00
4993,0.00
4994,0.00
4995,0.00
4996,0.00
4997,0.00
4998,43.32
4999,158.06
5000,253.79
5001,347.43
5002,438.40
5003,486.09
5004,539.62
5005,456.52
5006,406.64
5007,591.23
5008,489.80
5009,468.55
5010,318.51
5011,200.76
5012,46.26
5013,0.00
5014,0.00
5015,0.00
5016,0.00
5017,0.00
5018,0.00
5019,0.00
5020,0.00
5021,0.00
5022,49.89
5023,228.64
5024,395.03
5025,559.45
5026,704.26
5027,848.49
5028,929.18
5029,942.89
5030,899.38
5031,822.09
5032,717.46
5033,463.02
5034,329.50
5035,192.29
5036,45.93
5037,0.00
5038,0.00
5039,0.00
5040,0.00
5041,0.00
5042,0.00
5043,0.00
5044,0.00
5045,0.00
5046,43.09
5047,196.99
5048,308.06
5049,452.57
5050,652.10
5051,688.18
5052,791.78
5053,833.14
5054,810.81
5055,741.63
5056,633.77
5057,523.07
5058,336.82
5059,166.59
5060,44.91
5061,0.00
5062,0.00
5063,0.00
5064,0.00
5065,0.00
5066,0.00
5067,0.00
5068,0.00
5069,0.00
5070,52.94
5071,240.68
5072,385.69
5073,535.81
5074,717.38
5075,755.60
5076,761.33
5077,678.92
5078,659.92
5079,683.09
5080,631.19
5081,494.75
5082,299.45
5083,182.29
5084,40.51
5085,0.00
5086,0.00
5087,0.00
5088,0.00
5089,0.00
5090,0.00
5091,0.00
5092,0.00
5093,0.00
5094,42.08
5095,199.03
5096,406.58
5097,607.88
5098,771.98
5099,891.05
5100,985.40
5101,1024.18
5102,937.23
5103,803.85
5104,677.40
5105,561.17
5106,383.09
5107,248.19
5108,50.57
5109,0.00
5110,0.00
5111,0.00
5112,0.00
5113,0.00
5114,0.00
5115,0.00
5116,0.00
5117,0.00
5118,35.94
5119,185.64
5120,261.94
5121,390.96
5122,547.46
5123,564.22
5124,665.79
5125,691.16
5126,720.71
5127,606.74
5128,478.11
5129,303.19
5130,224.87
5131,119.86
5132,27.84
5133,0.00
5134,0.00
5135,0.00
5136,0.00
5137,0.00
5138,0.00
5139,0.00
5140,0.00
5141,0.00
5142,14.97
5143,166.24
5144,303.33
5145,424.88
5146,533.69
5147,603.37
5148,715.02
5149,771.36
5150,696.70
5151,800.44
5152,793.15
5153,538.40
5154,378.33
5155,221.87
5156,40.79
5157,0.00
5158,0.00
5159,0.00
5160,0.00
5161,0.00
5162,0.00
5163,0.00
5164,0.00
5165,0.00
5166,32.93
5167,212.13
5168,378.65
5169,535.58
5170,702.32
5171,838.67
5172,701.99
5173,669.79
5174,577.41
5175,562.20
5176,601.05
5177,335.70
5178,330.46
5179,176.11
5180,30.26
5181,0.00
5182,0.00
5183,0.00
5184,0.00
5185,0.00
5186,0.00
5187,0.00
5188,0.00
5189,0.00
5190,33.26
5191,222.78
5192,403.37
5193,556.09
5194,698.73
5195,780.86
5196,886.80
5197,1013.99
5198,832.27
5199,748.08
5200,603.15
5201,513.14
5202,332.42
5203,179.10
5204,24.08
5205,0.00
5206,0.00
5207,0.00
5208,0.00
5209,0.00
5210,0.00
5211,0.00
5212,0.00
5213,0.00
5214,23.63
5215,158.27
5216,291.95
5217,406.56
5218,546.88
5219,611.34
5220,652.04
5221,858.35
5222,907.12
5223,853.57
5224,689.98
5225,466.60
5226,329.99
5227,153.02
5228,22.55
5229,0.00
5230,0.00
5231,0.00
5232,0.00
5233,0.00
5234,0.00
5235,0.00
5236,0.00
5237,0.00
5238,23.16
5239,201.57
5240,358.62
5241,523.40
5242,707.46
5243,809.71
5244,820.78
5245,796.44
5246,653.02
5247,618.23
5248,585.67
5249,460.04
5250,306.76
5251,181.55
5252,21.57
5253,0.00
5254,0.00
5255,0.00
5256,0.00
5257,0.00
5258,0.00
5259,0.00
5260,0.00
5261,0.00
5262,20.46
5263,162.23
5264,343.18
5265,480.03
5266,662.13
5267,838.03
5268,893.08
5269,837.26
5270,692.78
5271,667.88
5272,597.87
5273,424.98
5274,264.83
5275,146.16
5276,19.28
5277,0.00
5278,0.00
5279,0.00
5280,0.00
5281,0.00
5282,0.00
5283,0.00
5284,0.00
5285,0.00
5286,11.53
5287,126.65
5288,232.01
5289,283.47
5290,378.81
5291,319.25
5292,604.85
5293,700.50
5294,672.62
5295,628.84
5296,484.43
5297,286.04
5298,147.11
5299,83.84
5300,8.07
5301,0.00
5302,0.00
5303,0.00
5304,0.00
5305,0.00
5306,0.00
5307,0.00
5308,0.00
5309,0.00
5310,6.09
5311,80.23
5312,158.54
5313,255.75
5314,349.22
5315,567.90
5316,514.39
5317,557.33
5318,445.22
5319,478.66
5320,365.30
5321,254.93
5322,146.00
5323,96.80
5324,7.66
5325,0.00
5326,0.00
5327,0.00
5328,0.00
5329,0.00
5330,0.00
5331,0.00
5332,0.00
5333,0.00
5334,5.11
5335,102.64
5336,177.04
5337,299.81
5338,466.65
5339,802.63
5340,845.42
5341,926.80
5342,894.32
5343,814.20
5344,670.28
5345,464.27
5346,332.98
5347,170.29
5348,8.86
5349,0.00
5350,0.00
5351,0.00
5352,0.00
5353,0.00
5354,0.00
5355,0.00
5356,0.00
5357,0.00
5358,5.56
5359,137.37
5360,279.58
5361,452.80
5362,549.06
5363,470.32
5364,473.75
5365,513.27
5366,453.44
5367,421.97
5368,396.24
5369,356.42
5370,255.63
5371,127.72
5372,4.44
5373,0.00
5374,0.00
5375,0.00
5376,0.00
5377,0.00
5378,0.00
5379,0.00
5380,0.00
5381,0.00
5382,2.08
5383,150.83
5384,330.79
5385,452.13
5386,623.93
5387,746.38
5388,886.06
5389,927.45
5390,898.69
5391,751.10
5392,672.32
5393,500.72
5394,350.03
5395,143.21
5396,2.33
5397,0.00
5398,0.00
5399,0.00
5400,0.00
5401,0.00
5402,0.00
5403,0.00
5404,0.00
5405,0.00
5406,0.00
5407,55.64
5408,101.69
5409,229.90
5410,344.73
5411,450.81
5412,402.72
5413,418.53
5414,382.28
5415,320.16
5416,282.99
5417,309.25
5418,230.64
5419,87.37
5420,0.00
5421,0.00
5422,0.00
5423,0.00
5424,0.00
5425,0.00
5426,0.00
5427,0.00
5428,0.00
5429,0.00
5430,0.00
5431,112.19
5432,264.09
5433,381.34
5434,555.26
5435,655.26
5436,532.41
5437,526.08
5438,609.30
5439,534.85
5440,467.43
5441,349.07
5442,250.71
5443,133.05
5444,0.00
5445,0.00
5446,0.00
5447,0.00
5448,0.00
5449,0.00
5450,0.00
5451,0.00
5452,0.00
5453,0.00
5454,0.00
5455,175.21
5456,360.22
5457,530.91
5458,687.09
5459,804.01
5460,865.64
5461,578.31
5462,551.48
5463,419.60
5464,312.05
5465,283.56
5466,183.70
5467,56.94
5468,0.00
5469,0.00
5470,0.00
5471,0.00
5472,0.00
5473,0.00
5474,0.00
5475,0.00
5476,0.00
5477,0.00
5478,0.00
5479,45.32
5480,162.90
5481,248.16
5482,130.39
5483,106.84
5484,134.75
5485,107.14
5486,139.00
5487,231.40
5488,189.25
5489,97.89
5490,83.10
5491,80.16
5492,0.00
5493,0.00
5494,0.00
5495,0.00
5496,0.00
5497,0.00
5498,0.00
5499,0.00
5500,0.00
5501,0.00
5502,0.00
5503,169.79
5504,354.63
5505,539.80
5506,702.15
5507,779.63
5508,691.87
5509,633.68
5510,534.81
5511,537.61
5512,489.58
5513,405.88
5514,234.55
5515,97.72
5516,0.00
5517,0.00
5518,0.00
5519,0.00
5520,0.00
5521,0.00
5522,0.00
5523,0.00
5524,0.00
5525,0.00
5526,0.00
5527,133.24
5528,234.86
5529,337.55
5530,476.16
5531,603.49
5532,694.30
5533,569.09
5534,612.10
5535,647.12
5536,621.45
5537,538.15
5538,353.87
5539,151.14
5540,0.00
5541,0.00
5542,0.00
5543,0.00
5544,0.00
5545,0.00
5546,0.00
5547,0.00
5548,0.00
5549,0.00
5550,0.00
5551,156.58
5552,375.13
5553,570.14
5554,732.51
5555,805.30
5556,688.91
5557,705.87
5558,815.46
5559,738.85
5560,613.61
5561,467.74
5562,301.69
5563,138.43
5564,0.00
5565,0.00
5566,0.00
5567,0.00
5568,0.00
5569,0.00
5570,0.00
5571,0.00
5572,0.00
5573,0.00
5574,0.00
5575,97.92
5576,256.35
5577,418.81
5578,561.52
5579,705.79
5580,809.31
5581,852.02
5582,874.23
5583,808.96
5584,643.59
5585,494.07
5586,286.86
5587,138.28
5588,0.00
5589,0.00
5590,0.00
5591,0.00
5592,0.00
5593,0.00
5594,0.00
5595,0.00
5596,0.00
5597,0.00
5598,0.00
5599,88.20
5600,214.19
5601,314.61
5602,431.30
5603,588.86
5604,758.76
5605,755.65
5606,707.73
5607,591.53
5608,504.65
5609,381.57
5610,246.47
5611,98.82
5612,0.00
5613,0.00
5614,0.00
5615,0.00
5616,0.00
5617,0.00
5618,0.00
5619,0.00
5620,0.00
5621,0.00
5622,0.00
5623,135.16
5624,320.14
5625,496.04
5626,724.08
5627,741.63
5628,839.30
5629,858.48
5630,837.44
5631,770.31
5632,575.49
5633,419.96
5634,340.30
5635,152.05
5636,0.00
5637,0.00
5638,0.00
5639,0.00
5640,0.00
5641,0.00
5642,0.00
5643,0.00
5644,0.00
5645,0.00
5646,0.00
5647,127.48
5648,306.00
5649,462.77
5650,681.69
5651,794.39
5652,839.72
5653,786.38
5654,782.52
5655,692.48
5656,508.10
5657,411.99
5658,294.98
5659,84.29
5660,0.00
5661,0.00
5662,0.00
5663,0.00
5664,0.00
5665,0.00
5666,0.00
5667,0.00
5668,0.00
5669,0.00
5670,0.00
5671,121.51
5672,261.61
5673,396.93
5674,390.26
5675,478.96
5676,463.32
5677,319.97
5678,351.78
5679,197.63
5680,297.15
5681,306.37
5682,193.85
5683,75.13
5684,0.00
5685,0.00
5686,0.00
5687,0.00
5688,0.00
5689,0.00
5690,0.00
5691,0.00
5692,0.00
5693,0.00
5694,0.00
5695,17.01
5696,33.17
5697,66.81
5698,97.15
5699,144.81
5700,163.76
5701,113.11
5702,124.73
5703,85.01
5704,97.22
5705,70.95
5706,34.50
5707,24.82
5708,0.00
5709,0.00
5710,0.00
5711,0.00
5712,0.00
5713,0.00
5714,0.00
5715,0.00
5716,0.00
5717,0.00
5718,0.00
5719,61.17
5720,151.48
5721,239.97
5722,275.51
5723,358.70
5724,384.86
5725,344.49
5726,269.00
5727,236.59
5728,138.70
5729,90.67
5730,58.47
5731,21.29
5732,0.00
5733,0.00
5734,0.00
5735,0.00
5736,0.00
5737,0.00
5738,0.00
5739,0.00
5740,0.00
5741,0.00
5742,0.00
5743,57.31
5744,149.98
5745,222.44
5746,326.61
5747,418.55
5748,447.39
5749,633.05
5750,608.82
5751,564.24
5752,464.57
5753,314.57
5754,229.69
5755,86.99
5756,0.00
5757,0.00
5758,0.00
5759,0.00
5760,0.00
5761,0.00
5762,0.00
5763,0.00
5764,0.00
5765,0.00
5766,0.00
5767,105.55
5768,285.92
5769,469.30
5770,657.91
5771,744.15
5772,806.94
5773,876.23
5774,881.80
5775,760.87
5776,497.19
5777,364.56
5778,243.44
5779,93.09
5780,0.00
5781,0.00
5782,0.00
5783,0.00
5784,0.00
5785,0.00
5786,0.00
5787,0.00
5788,0.00
5789,0.00
5790,0.00
5791,99.96
5792,256.50
5793,431.90
5794,572.93
5795,708.95
5796,792.69
5797,774.93
5798,778.50
5799,490.86
5800,411.20
5801,310.27
5802,224.60
5803,83.38
5804,0.00
5805,0.00
5806,0.00
5807,0.00
5808,0.00
5809,0.00
5810,0.00
5811,0.00
5812,0.00
5813,0.00
5814,0.00
5815,71.61
5816,177.61
5817,349.45
5818,442.33
5819,589.74
5820,633.75
5821,605.75
5822,493.32
5823,453.45
5824,219.53
5825,158.18
5826,149.02
5827,35.86
5828,0.00
5829,0.00
5830,0.00
5831,0.00
5832,0.00
5833,0.00
5834,0.00
5835,0.00
5836,0.00
5837,0.00
5838,0.00
5839,71.80
5840,206.04
5841,449.39
5842,603.26
5843,700.70
5844,736.47
5845,858.04
5846,752.24
5847,566.68
5848,425.67
5849,205.52
5850,106.21
5851,34.72
5852,0.00
5853,0.00
5854,0.00
5855,0.00
5856,0.00
5857,0.00
5858,0.00
5859,0.00
5860,0.00
5861,0.00
5862,0.00
5863,15.17
5864,35.21
5865,126.53
5866,145.04
5867,195.41
5868,283.53
5869,200.81
5870,96.92
5871,107.18
5872,98.48
5873,73.90
5874,56.55
5875,23.14
5876,0.00
5877,0.00
5878,0.00
5879,0.00
5880,0.00
5881,0.00
5882,0.00
5883,0.00
5884,0.00
5885,0.00
5886,0.00
5887,39.59
5888,117.98
5889,173.89
5890,247.27
5891,283.05
5892,179.66
5893,104.45
5894,121.15
5895,180.08
5896,157.89
5897,47.26
5898,42.50
5899,10.53
5900,0.00
5901,0.00
5902,0.00
5903,0.00
5904,0.00
5905,0.00
5906,0.00
5907,0.00
5908,0.00
5909,0.00
5910,0.00
5911,26.84
5912,98.93
5913,194.02
5914,224.70
5915,307.36
5916,329.41
5917,333.71
5918,352.62
5919,313.88
5920,254.95
5921,168.36
5922,114.15
5923,13.28
5924,0.00
5925,0.00
5926,0.00
5927,0.00
5928,0.00
5929,0.00
5930,0.00
5931,0.00
5932,0.00
5933,0.00
5934,0.00
5935,23.51
5936,67.96
5937,99.26
5938,69.10
5939,95.45
5940,96.20
5941,125.96
5942,114.10
5943,129.59
5944,290.68
5945,240.51
5946,136.39
5947,41.73
5948,0.00
5949,0.00
5950,0.00
5951,0.00
5952,0.00
5953,0.00
5954,0.00
5955,0.00
5956,0.00
5957,0.00
5958,0.00
5959,61.28
5960,196.50
5961,294.12
5962,395.05
5963,544.09
5964,479.73
5965,700.09
5966,675.55
5967,675.60
5968,562.58
5969,374.26
5970,228.23
5971,77.26
5972,0.00
5973,0.00
5974,0.00
5975,0.00
5976,0.00
5977,0.00
5978,0.00
5979,0.00
5980,0.00
5981,0.00
5982,0.00
5983,71.97
5984,272.57
5985,372.59
5986,574.52
5987,656.20
5988,680.95
5989,651.44
5990,597.94
5991,546.41
5992,414.45
5993,377.09
5994,235.95
5995,65.83
5996,0.00
5997,0.00
5998,0.00
5999,0.00
6000,0.00
6001,0.00
6002,0.00
6003,0.00
6004,0.00
6005,0.00
6006,0.00
6007,61.87
6008,219.41
6009,348.83
6010,464.82
6011,521.38
6012,539.97
6013,548.80
6014,580.45
6015,564.42
6016,473.28
6017,330.31
6018,241.72
6019,68.76
6020,0.00
6021,0.00
6022,0.00
6023,0.00
6024,0.00
6025,0.00
6026,0.00
6027,0.00
6028,0.00
6029,0.00
6030,0.00
6031,52.69
6032,207.41
6033,342.52
6034,457.29
6035,583.38
6036,550.38
6037,607.72
6038,444.29
6039,506.52
6040,506.78
6041,408.41
6042,242.04
6043,57.31
6044,0.00
6045,0.00
6046,0.00
6047,0.00
6048,0.00
6049,0.00
6050,0.00
6051,0.00
6052,0.00
6053,0.00
6054,0.00
6055,26.40
6056,73.59
6057,92.30
6058,197.90
6059,211.02
6060,317.06
6061,286.60
6062,344.19
6063,176.12
6064,139.91
6065,206.66
6066,120.62
6067,39.63
6068,0.00
6069,0.00
6070,0.00
6071,0.00
6072,0.00
6073,0.00
6074,0.00
6075,0.00
6076,0.00
6077,0.00
6078,0.00
6079,32.24
6080,152.78
6081,179.28
6082,307.28
6083,358.24
6084,419.29
6085,413.49
6086,348.88
6087,368.11
6088,338.66
6089,240.09
6090,153.14
6091,37.31
6092,0.00
6093,0.00
6094,0.00
6095,0.00
6096,0.00
6097,0.00
6098,0.00
6099,0.00
6100,0.00
6101,0.00
6102,0.00
6103,32.06
6104,172.28
6105,275.43
6106,380.88
6107,469.00
6108,477.05
6109,518.25
6110,509.05
6111,447.55
6112,399.58
6113,254.76
6114,124.85
6115,27.32
6116,0.00
6117,0.00
6118,0.00
6119,0.00
6120,0.00
6121,0.00
6122,0.00
6123,0.00
6124,0.00
6125,0.00
6126,0.00
6127,14.99
6128,70.48
6129,101.04
6130,140.49
6131,198.61
6132,76.01
6133,95.86
6134,172.92
6135,126.11
6136,125.30
6137,84.63
6138,76.87
6139,15.89
6140,0.00
6141,0.00
6142,0.00
6143,0.00
6144,0.00
6145,0.00
6146,0.00
6147,0.00
6148,0.00
6149,0.00
6150,0.00
6151,4.64
6152,46.01
6153,89.31
6154,127.37
6155,129.83
6156,159.75
6157,296.38
6158,441.18
6159,302.76
6160,232.02
6161,69.14
6162,24.06
6163,7.73
6164,0.00
6165,0.00
6166,0.00
6167,0.00
6168,0.00
6169,0.00
6170,0.00
6171,0.00
6172,0.00
6173,0.00
6174,0.00
6175,17.59
6176,115.98
6177,183.12
6178,258.17
6179,254.48
6180,183.59
6181,160.44
6182,146.94
6183,135.14
6184,64.23
6185,55.24
6186,33.22
6187,5.33
6188,0.00
6189,0.00
6190,0.00
6191,0.00
6192,0.00
6193,0.00
6194,0.00
6195,0.00
6196,0.00
6197,0.00
6198,0.00
6199,13.05
6200,93.86
6201,163.80
6202,207.23
6203,390.80
6204,504.75
6205,531.86
6206,513.39
6207,445.56
6208,422.66
6209,338.74
6210,194.85
6211,23.48
6212,0.00
6213,0.00
6214,0.00
6215,0.00
6216,0.00
6217,0.00
6218,0.00
6219,0.00
6220,0.00
6221,0.00
6222,0.00
6223,15.61
6224,136.06
6225,258.73
6226,328.42
6227,433.22
6228,746.97
6229,779.21
6230,715.42
6231,660.27
6232,507.94
6233,344.08
6234,183.38
6235,20.84
6236,0.00
6237,0.00
6238,0.00
6239,0.00
6240,0.00
6241,0.00
6242,0.00
6243,0.00
6244,0.00
6245,0.00
6246,0.00
6247,18.01
6248,183.25
6249,371.90
6250,501.11
6251,610.53
6252,715.63
6253,679.45
6254,681.73
6255,563.10
6256,485.53
6257,301.76
6258,132.65
6259,13.78
6260,0.00
6261,0.00
6262,0.00
6263,0.00
6264,0.00
6265,0.00
6266,0.00
6267,0.00
6268,0.00
6269,0.00
6270,0.00
6271,4.62
6272,64.71
6273,130.07
6274,211.19
6275,268.04
6276,287.00
6277,189.74
6278,145.23
6279,152.73
6280,127.19
6281,122.19
6282,67.14
6283,6.06
6284,0.00
6285,0.00
6286,0.00
6287,0.00
6288,0.00
6289,0.00
6290,0.00
6291,0.00
6292,0.00
6293,0.00
6294,0.00
6295,4.72
6296,134.37
6297,233.49
6298,318.58
6299,452.33
6300,568.92
6301,612.36
6302,560.80
6303,476.67
6304,377.04
6305,316.17
6306,193.35
6307,6.84
6308,0.00
6309,0.00
6310,0.00
6311,0.00
6312,0.00
6313,0.00
6314,0.00
6315,0.00
6316,0.00
6317,0.00
6318,0.00
6319,0.91
6320,66.33
6321,121.70
6322,150.79
6323,113.13
6324,98.78
6325,86.06
6326,112.91
6327,124.19
6328,86.59
6329,69.32
6330,44.68
6331,0.65
6332,0.00
6333,0.00
6334,0.00
6335,0.00
6336,0.00
6337,0.00
6338,0.00
6339,0.00
6340,0.00
6341,0.00
6342,0.00
6343,0.00
6344,30.19
6345,49.35
6346,60.12
6347,76.70
6348,99.00
6349,99.53
6350,99.25
6351,130.25
6352,135.26
6353,94.16
6354,54.10
6355,0.00
6356,0.00
6357,0.00
6358,0.00
6359,0.00
6360,0.00
6361,0.00
6362,0.00
6363,0.00
6364,0.00
6365,0.00
6366,0.00
6367,0.00
6368,85.83
6369,191.65
6370,298.40
6371,382.68
6372,318.66
6373,314.12
6374,449.71
6375,527.68
6376,461.76
6377,341.55
6378,156.19
6379,0.00
6380,0.00
6381,0.00
6382,0.00
6383,0.00
6384,0.00
6385,0.00
6386,0.00
6387,0.00
6388,0.00
6389,0.00
6390,0.00
6391,0.00
6392,145.81
6393,311.14
6394,461.17
6395,590.49
6396,631.97
6397,665.95
6398,636.39
6399,577.24
6400,479.85
6401,330.24
6402,166.21
6403,0.00
6404,0.00
6405,0.00
6406,0.00
6407,0.00
6408,0.00
6409,0.00
6410,0.00
6411,0.00
6412,0.00
6413,0.00
6414,0.00
6415,0.00
6416,150.74
6417,325.63
6418,488.80
6419,608.18
6420,706.13
6421,744.86
6422,726.60
6423,594.82
6424,482.58
6425,348.03
6426,167.99
6427,0.00
6428,0.00
6429,0.00
6430,0.00
6431,0.00
6432,0.00
6433,0.00
6434,0.00
6435,0.00
6436,0.00
6437,0.00
6438,0.00
6439,0.00
6440,153.69
6441,299.52
6442,504.92
6443,509.24
6444,565.36
6445,625.14
6446,601.52
6447,577.43
6448,458.25
6449,374.79
6450,171.46
6451,0.00
6452,0.00
6453,0.00
6454,0.00
6455,0.00
6456,0.00
6457,0.00
6458,0.00
6459,0.00
6460,0.00
6461,0.00
6462,0.00
6463,0.00
6464,91.98
6465,224.95
6466,310.64
6467,412.50
6468,367.73
6469,357.61
6470,248.81
6471,236.23
6472,203.38
6473,208.38
6474,123.39
6475,0.00
6476,0.00
6477,0.00
6478,0.00
6479,0.00
6480,0.00
6481,0.00
6482,0.00
6483,0.00
6484,0.00
6485,0.00
6486,0.00
6487,0.00
6488,148.10
6489,304.61
6490,475.49
6491,515.91
6492,593.26
6493,616.61
6494,575.59
6495,535.68
6496,379.61
6497,238.07
6498,115.03
6499,0.00
6500,0.00
6501,0.00
6502,0.00
6503,0.00
6504,0.00
6505,0.00
6506,0.00
6507,0.00
6508,0.00
6509,0.00
6510,0.00
6511,0.00
6512,68.13
6513,141.74
6514,266.43
6515,254.52
6516,227.12
6517,205.97
6518,296.69
6519,252.34
6520,206.05
6521,158.54
6522,69.08
6523,0.00
6524,0.00
6525,0.00
6526,0.00
6527,0.00
6528,0.00
6529,0.00
6530,0.00
6531,0.00
6532,0.00
6533,0.00
6534,0.00
6535,0.00
6536,104.17
6537,239.46
6538,339.72
6539,493.26
6540,517.75
6541,533.13
6542,514.97
6543,459.85
6544,418.45
6545,277.43
6546,144.67
6547,0.00
6548,0.00
6549,0.00
6550,0.00
6551,0.00
6552,0.00
6553,0.00
6554,0.00
6555,0.00
6556,0.00
6557,0.00
6558,0.00
6559,0.00
6560,96.53
6561,220.02
6562,342.22
6563,378.25
6564,419.93
6565,448.66
6566,426.55
6567,391.18
6568,310.93
6569,290.66
6570,142.35
6571,0.00
6572,0.00
6573,0.00
6574,0.00
6575,0.00
6576,0.00
6577,0.00
6578,0.00
6579,0.00
6580,0.00
6581,0.00
6582,0.00
6583,0.00
6584,105.08
6585,259.58
6586,356.32
6587,365.49
6588,447.99
6589,433.74
6590,462.94
6591,503.31
6592,363.58
6593,316.80
6594,133.31
6595,0.00
6596,0.00
6597,0.00
6598,0.00
6599,0.00
6600,0.00
6601,0.00
6602,0.00
6603,0.00
6604,0.00
6605,0.00
6606,0.00
6607,0.00
6608,110.45
6609,261.23
6610,355.00
6611,519.84
6612,602.39
6613,603.27
6614,427.64
6615,366.63
6616,261.84
6617,154.12
6618,89.04
6619,0.00
6620,0.00
6621,0.00
6622,0.00
6623,0.00
6624,0.00
6625,0.00
6626,0.00
6627,0.00
6628,0.00
6629,0.00
6630,0.00
6631,0.00
6632,126.56
6633,310.48
6634,450.26
6635,547.92
6636,606.15
6637,603.39
6638,608.97
6639,525.22
6640,407.66
6641,289.40
6642,119.59
6643,0.00
6644,0.00
6645,0.00
6646,0.00
6647,0.00
6648,0.00
6649,0.00
6650,0.00
6651,0.00
6652,0.00
6653,0.00
6654,0.00
6655,0.00
6656,76.22
6657,208.95
6658,367.65
6659,458.79
6660,484.74
6661,627.50
6662,539.05
6663,485.06
6664,429.85
6665,296.20
6666,101.80
6667,0.00
6668,0.00
6669,0.00
6670,0.00
6671,0.00
6672,0.00
6673,0.00
6674,0.00
6675,0.00
6676,0.00
6677,0.00
6678,0.00
6679,0.00
6680,116.19
6681,316.34
6682,462.50
6683,559.50
6684,596.67
6685,489.14
6686,536.01
6687,435.32
6688,340.78
6689,255.55
6690,103.67
6691,0.00
6692,0.00
6693,0.00
6694,0.00
6695,0.00
6696,0.00
6697,0.00
6698,0.00
6699,0.00
6700,0.00
6701,0.00
6702,0.00
6703,0.00
6704,65.92
6705,166.12
6706,265.52
6707,375.67
6708,410.88
6709,438.06
6710,411.31
6711,371.30
6712,349.70
6713,230.58
6714,104.59
6715,0.00
6716,0.00
6717,0.00
6718,0.00
6719,0.00
6720,0.00
6721,0.00
6722,0.00
6723,0.00
6724,0.00
6725,0.00
6726,0.00
6727,0.00
6728,72.79
6729,182.99
6730,300.81
6731,393.51
6732,441.05
6733,439.94
6734,208.60
6735,174.94
6736,103.32
6737,76.49
6738,33.46
6739,0.00
6740,0.00
6741,0.00
6742,0.00
6743,0.00
6744,0.00
6745,0.00
6746,0.00
6747,0.00
6748,0.00
6749,0.00
6750,0.00
6751,0.00
6752,32.02
6753,79.86
6754,123.83
6755,166.26
6756,130.72
6757,129.95
6758,88.26
6759,95.98
6760,167.21
6761,102.11
6762,39.99
6763,0.00
6764,0.00
6765,0.00
6766,0.00
6767,0.00
6768,0.00
6769,0.00
6770,0.00
6771,0.00
6772,0.00
6773,0.00
6774,0.00
6775,0.00
6776,15.77
6777,57.00
6778,107.10
6779,93.97
6780,74.74
6781,90.28
6782,124.55
6783,135.07
6784,150.63
6785,84.22
6786,39.84
6787,0.00
6788,0.00
6789,0.00
6790,0.00
6791,0.00
6792,0.00
6793,0.00
6794,0.00
6795,0.00
6796,0.00
6797,0.00
6798,0.00
6799,0.00
6800,28.51
6801,80.42
6802,129.35
6803,214.78
6804,312.68
6805,422.37
6806,411.50
6807,352.48
6808,240.70
6809,179.66
6810,59.04
6811,0.00
6812,0.00
6813,0.00
6814,0.00
6815,0.00
6816,0.00
6817,0.00
6818,0.00
6819,0.00
6820,0.00
6821,0.00
6822,0.00
6823,0.00
6824,65.67
6825,190.86
6826,200.99
6827,238.10
6828,148.18
6829,236.47
6830,194.32
6831,171.14
6832,166.35
6833,175.91
6834,57.62
6835,0.00
6836,0.00
6837,0.00
6838,0.00
6839,0.00
6840,0.00
6841,0.00
6842,0.00
6843,0.00
6844,0.00
6845,0.00
6846,0.00
6847,0.00
6848,46.40
6849,147.98
6850,201.49
6851,267.07
6852,184.97
6853,252.69
6854,218.12
6855,308.60
6856,240.24
6857,141.01
6858,55.00
6859,0.00
6860,0.00
6861,0.00
6862,0.00
6863,0.00
6864,0.00
6865,0.00
6866,0.00
6867,0.00
6868,0.00
6869,0.00
6870,0.00
6871,0.00
6872,63.20
6873,237.59
6874,376.88
6875,542.87
6876,637.54
6877,649.05
6878,610.67
6879,547.97
6880,419.62
6881,147.14
6882,47.72
6883,0.00
6884,0.00
6885,0.00
6886,0.00
6887,0.00
6888,0.00
6889,0.00
6890,0.00
6891,0.00
6892,0.00
6893,0.00
6894,0.00
6895,0.00
6896,65.17
6897,237.73
6898,347.86
6899,484.35
6900,533.66
6901,583.86
6902,570.82
6903,489.69
6904,359.14
6905,230.49
6906,64.93
6907,0.00
6908,0.00
6909,0.00
6910,0.00
6911,0.00
6912,0.00
6913,0.00
6914,0.00
6915,0.00
6916,0.00
6917,0.00
6918,0.00
6919,0.00
6920,68.09
6921,240.81
6922,382.20
6923,511.74
6924,558.97
6925,591.37
6926,559.52
6927,532.55
6928,393.85
6929,239.56
6930,44.20
6931,0.00
6932,0.00
6933,0.00
6934,0.00
6935,0.00
6936,0.00
6937,0.00
6938,0.00
6939,0.00
6940,0.00
6941,0.00
6942,0.00
6943,0.00
6944,51.13
6945,199.78
6946,226.96
6947,322.00
6948,406.14
6949,351.78
6950,345.34
6951,262.34
6952,238.79
6953,166.18
6954,45.16
6955,0.00
6956,0.00
6957,0.00
6958,0.00
6959,0.00
6960,0.00
6961,0.00
6962,0.00
6963,0.00
6964,0.00
6965,0.00
6966,0.00
6967,0.00
6968,53.69
6969,224.82
6970,384.50
6971,489.00
6972,522.84
6973,523.68
6974,549.92
6975,471.32
6976,360.61
6977,220.64
6978,53.10
6979,0.00
6980,0.00
6981,0.00
6982,0.00
6983,0.00
6984,0.00
6985,0.00
6986,0.00
6987,0.00
6988,0.00
6989,0.00
6990,0.00
6991,0.00
6992,28.38
6993,133.42
6994,139.14
6995,201.11
6996,213.83
6997,218.84
6998,140.38
6999,137.81
7000,49.30
7001,33.34
7002,26.04
7003,0.00
7004,0.00
7005,0.00
7006,0.00
7007,0.00
7008,0.00
7009,0.00
7010,0.00
7011,0.00
7012,0.00
7013,0.00
7014,0.00
7015,0.00
7016,11.87
7017,63.50
7018,90.25
7019,77.03
7020,65.44
7021,78.89
7022,52.08
7023,45.70
7024,38.19
7025,22.80
7026,8.89
7027,0.00
7028,0.00
7029,0.00
7030,0.00
7031,0.00
7032,0.00
7033,0.00
7034,0.00
7035,0.00
7036,0.00
7037,0.00
7038,0.00
7039,0.00
7040,22.25
7041,54.10
7042,106.40
7043,228.25
7044,285.12
7045,290.24
7046,299.68
7047,260.68
7048,179.37
7049,116.98
7050,21.61
7051,0.00
7052,0.00
7053,0.00
7054,0.00
7055,0.00
7056,0.00
7057,0.00
7058,0.00
7059,0.00
7060,0.00
7061,0.00
7062,0.00
7063,0.00
7064,18.35
7065,116.73
7066,194.65
7067,219.86
7068,284.98
7069,214.50
7070,237.40
7071,284.98
7072,284.37
7073,90.93
7074,15.92
7075,0.00
7076,0.00
7077,0.00
7078,0.00
7079,0.00
7080,0.00
7081,0.00
7082,0.00
7083,0.00
7084,0.00
7085,0.00
7086,0.00
7087,0.00
7088,17.50
7089,91.31
7090,120.06
7091,163.71
7092,218.55
7093,255.79
7094,250.24
7095,206.01
7096,167.94
7097,78.90
7098,10.07
7099,0.00
7100,0.00
7101,0.00
7102,0.00
7103,0.00
7104,0.00
7105,0.00
7106,0.00
7107,0.00
7108,0.00
7109,0.00
7110,0.00
7111,0.00
7112,5.29
7113,40.88
7114,88.34
7115,112.65
7116,51.37
7117,61.52
7118,119.29
7119,71.24
7120,45.00
7121,44.37
7122,4.42
7123,0.00
7124,0.00
7125,0.00
7126,0.00
7127,0.00
7128,0.00
7129,0.00
7130,0.00
7131,0.00
7132,0.00
7133,0.00
7134,0.00
7135,0.00
7136,12.38
7137,111.70
7138,198.59
7139,196.96
7140,337.66
7141,381.79
7142,459.57
7143,380.44
7144,300.62
7145,168.86
7146,16.20
7147,0.00
7148,0.00
7149,0.00
7150,0.00
7151,0.00
7152,0.00
7153,0.00
7154,0.00
7155,0.00
7156,0.00
7157,0.00
7158,0.00
7159,0.00
7160,12.45
7161,117.90
7162,196.06
7163,257.91
7164,311.61
7165,415.45
7166,373.98
7167,374.01
7168,296.90
7169,165.19
7170,15.58
7171,0.00
7172,0.00
7173,0.00
7174,0.00
7175,0.00
7176,0.00
7177,0.00
7178,0.00
7179,0.00
7180,0.00
7181,0.00
7182,0.00
7183,0.00
7184,10.08
7185,129.87
7186,260.83
7187,385.07
7188,415.18
7189,423.82
7190,400.80
7191,442.67
7192,312.13
7193,172.99
7194,12.85
7195,0.00
7196,0.00
7197,0.00
7198,0.00
7199,0.00
7200,0.00
7201,0.00
7202,0.00
7203,0.00
7204,0.00
7205,0.00
7206,0.00
7207,0.00
7208,1.55
7209,31.48
7210,53.15
7211,79.96
7212,72.50
7213,82.89
7214,57.95
7215,52.82
7216,34.29
7217,35.36
7218,2.45
7219,0.00
7220,0.00
7221,0.00
7222,0.00
7223,0.00
7224,0.00
7225,0.00
7226,0.00
7227,0.00
7228,0.00
7229,0.00
7230,0.00
7231,0.00
7232,1.49
7233,53.10
7234,78.53
7235,109.88
7236,82.28
7237,118.06
7238,141.82
7239,122.71
7240,90.71
7241,40.04
7242,1.00
7243,0.00
7244,0.00
7245,0.00
7246,0.00
7247,0.00
7248,0.00
7249,0.00
7250,0.00
7251,0.00
7252,0.00
7253,0.00
7254,0.00
7255,0.00
7256,0.41
7257,87.44
7258,162.69
7259,233.93
7260,271.94
7261,278.93
7262,274.19
7263,244.77
7264,257.04
7265,150.22
7266,0.88
7267,0.00
7268,0.00
7269,0.00
7270,0.00
7271,0.00
7272,0.00
7273,0.00
7274,0.00
7275,0.00
7276,0.00
7277,0.00
7278,0.00
7279,0.00
7280,0.00
7281,39.62
7282,90.25
7283,112.45
7284,187.37
7285,147.57
7286,155.31
7287,143.75
7288,94.68
7289,38.84
7290,0.00
7291,0.00
7292,0.00
7293,0.00
7294,0.00
7295,0.00
7296,0.00
7297,0.00
7298,0.00
7299,0.00
7300,0.00
7301,0.00
7302,0.00
7303,0.00
7304,0.00
7305,37.81
7306,55.88
7307,81.05
7308,125.19
7309,212.71
7310,121.41
7311,110.16
7312,34.10
7313,21.36
7314,0.00
7315,0.00
7316,0.00
7317,0.00
7318,0.00
7319,0.00
7320,0.00
7321,0.00
7322,0.00
7323,0.00
7324,0.00
7325,0.00
7326,0.00
7327,0.00
7328,0.00
7329,74.34
7330,184.29
7331,157.66
7332,189.53
7333,325.15
7334,302.44
7335,241.16
7336,140.67
7337,56.81
7338,0.00
7339,0.00
7340,0.00
7341,0.00
7342,0.00
7343,0.00
7344,0.00
7345,0.00
7346,0.00
7347,0.00
7348,0.00
7349,0.00
7350,0.00
7351,0.00
7352,0.00
7353,32.21
7354,131.25
7355,192.12
7356,271.40
7357,247.56
7358,209.83
7359,131.20
7360,129.40
7361,83.25
7362,0.00
7363,0.00
7364,0.00
7365,0.00
7366,0.00
7367,0.00
7368,0.00
7369,0.00
7370,0.00
7371,0.00
7372,0.00
7373,0.00
7374,0.00
7375,0.00
7376,0.00
7377,56.53
7378,120.26
7379,178.13
7380,168.86
7381,238.85
7382,203.76
7383,152.00
7384,105.18
7385,54.78
7386,0.00
7387,0.00
7388,0.00
7389,0.00
7390,0.00
7391,0.00
7392,0.00
7393,0.00
7394,0.00
7395,0.00
7396,0.00
7397,0.00
7398,0.00
7399,0.00
7400,0.00
7401,38.56
7402,53.29
7403,49.63
7404,54.14
7405,57.04
7406,116.98
7407,92.02
7408,192.89
7409,106.58
7410,0.00
7411,0.00
7412,0.00
7413,0.00
7414,0.00
7415,0.00
7416,0.00
7417,0.00
7418,0.00
7419,0.00
7420,0.00
7421,0.00
7422,0.00
7423,0.00
7424,0.00
7425,120.89
7426,250.37
7427,335.41
7428,325.32
7429,350.80
7430,386.87
7431,346.58
7432,240.63
7433,103.38
7434,0.00
7435,0.00
7436,0.00
7437,0.00
7438,0.00
7439,0.00
7440,0.00
7441,0.00
7442,0.00
7443,0.00
7444,0.00
7445,0.00
7446,0.00
7447,0.00
7448,0.00
7449,56.42
7450,151.32
7451,243.54
7452,288.49
7453,272.35
7454,274.91
7455,159.83
7456,86.23
7457,25.13
7458,0.00
7459,0.00
7460,0.00
7461,0.00
7462,0.00
7463,0.00
7464,0.00
7465,0.00
7466,0.00
7467,0.00
7468,0.00
7469,0.00
7470,0.00
7471,0.00
7472,0.00
7473,25.03
7474,56.83
7475,72.18
7476,56.46
7477,45.66
7478,48.23
7479,64.18
7480,120.26
7481,67.25
7482,0.00
7483,0.00
7484,0.00
7485,0.00
7486,0.00
7487,0.00
7488,0.00
7489,0.00
7490,0.00
7491,0.00
7492,0.00
7493,0.00
7494,0.00
7495,0.00
7496,0.00
7497,38.32
7498,50.63
7499,102.76
7500,59.51
7501,70.78
7502,57.98
7503,38.47
7504,57.19
7505,20.67
7506,0.00
7507,0.00
7508,0.00
7509,0.00
7510,0.00
7511,0.00
7512,0.00
7513,0.00
7514,0.00
7515,0.00
7516,0.00
7517,0.00
7518,0.00
7519,0.00
7520,0.00
7521,54.14
7522,143.36
7523,192.70
7524,239.86
7525,319.61
7526,235.37
7527,194.35
7528,145.13
7529,53.89
7530,0.00
7531,0.00
7532,0.00
7533,0.00
7534,0.00
7535,0.00
7536,0.00
7537,0.00
7538,0.00
7539,0.00
7540,0.00
7541,0.00
7542,0.00
7543,0.00
7544,0.00
7545,80.36
7546,152.68
7547,229.34
7548,261.38
7549,236.23
7550,230.37
7551,184.44
7552,123.78
7553,58.78
7554,0.00
7555,0.00
7556,0.00
7557,0.00
7558,0.00
7559,0.00
7560,0.00
7561,0.00
7562,0.00
7563,0.00
7564,0.00
7565,0.00
7566,0.00
7567,0.00
7568,0.00
7569,66.01
7570,205.49
7571,273.03
7572,315.01
7573,379.19
7574,434.09
7575,312.53
7576,219.00
7577,98.79
7578,0.00
7579,0.00
7580,0.00
7581,0.00
7582,0.00
7583,0.00
7584,0.00
7585,0.00
7586,0.00
7587,0.00
7588,0.00
7589,0.00
7590,0.00
7591,0.00
7592,0.00
7593,107.73
7594,200.60
7595,278.91
7596,337.55
7597,359.98
7598,284.35
7599,249.24
7600,122.53
7601,51.96
7602,0.00
7603,0.00
7604,0.00
7605,0.00
7606,0.00
7607,0.00
7608,0.00
7609,0.00
7610,0.00
7611,0.00
7612,0.00
7613,0.00
7614,0.00
7615,0.00
7616,0.00
7617,74.65
7618,199.50
7619,292.07
7620,328.59
7621,393.70
7622,392.43
7623,345.88
7624,270.70
7625,86.08
7626,0.00
7627,0.00
7628,0.00
7629,0.00
7630,0.00
7631,0.00
7632,0.00
7633,0.00
7634,0.00
7635,0.00
7636,0.00
7637,0.00
7638,0.00
7639,0.00
7640,0.00
7641,12.45
7642,44.59
7643,57.99
7644,118.15
7645,128.39
7646,100.26
7647,102.08
7648,88.13
7649,46.14
7650,0.00
7651,0.00
7652,0.00
7653,0.00
7654,0.00
7655,0.00
7656,0.00
7657,0.00
7658,0.00
7659,0.00
7660,0.00
7661,0.00
7662,0.00
7663,0.00
7664,0.00
7665,65.28
7666,166.35
7667,226.86
7668,275.69
7669,288.00
7670,261.92
7671,243.04
7672,207.95
7673,74.61
7674,0.00
7675,0.00
7676,0.00
7677,0.00
7678,0.00
7679,0.00
7680,0.00
7681,0.00
7682,0.00
7683,0.00
7684,0.00
7685,0.00
7686,0.00
7687,0.00
7688,0.00
7689,38.69
7690,101.49
7691,134.68
7692,167.37
7693,192.81
7694,188.47
7695,148.19
7696,147.19
7697,60.85
7698,0.00
7699,0.00
7700,0.00
7701,0.00
7702,0.00
7703,0.00
7704,0.00
7705,0.00
7706,0.00
7707,0.00
7708,0.00
7709,0.00
7710,0.00
7711,0.00
7712,0.00
7713,47.66
7714,119.41
7715,190.65
7716,190.02
7717,211.79
7718,294.60
7719,273.63
7720,194.17
7721,98.23
7722,0.00
7723,0.00
7724,0.00
7725,0.00
7726,0.00
7727,0.00
7728,0.00
7729,0.00
7730,0.00
7731,0.00
7732,0.00
7733,0.00
7734,0.00
7735,0.00
7736,0.00
7737,81.59
7738,228.66
7739,316.19
7740,414.01
7741,425.69
7742,399.50
7743,344.40
7744,232.14
7745,95.22
7746,0.00
7747,0.00
7748,0.00
7749,0.00
7750,0.00
7751,0.00
7752,0.00
7753,0.00
7754,0.00
7755,0.00
7756,0.00
7757,0.00
7758,0.00
7759,0.00
7760,0.00
7761,85.96
7762,215.47
7763,303.80
7764,317.24
7765,354.99
7766,379.89
7767,299.03
7768,152.62
7769,66.92
7770,0.00
7771,0.00
7772,0.00
7773,0.00
7774,0.00
7775,0.00
7776,0.00
7777,0.00
7778,0.00
7779,0.00
7780,0.00
7781,0.00
7782,0.00
7783,0.00
7784,0.00
7785,88.07
7786,210.01
7787,358.90
7788,386.59
7789,457.69
7790,415.72
7791,345.78
7792,226.08
7793,84.73
7794,0.00
7795,0.00
7796,0.00
7797,0.00
7798,0.00
7799,0.00
7800,0.00
7801,0.00
7802,0.00
7803,0.00
7804,0.00
7805,0.00
7806,0.00
7807,0.00
7808,0.00
7809,84.19
7810,205.64
7811,289.26
7812,333.07
7813,352.40
7814,296.21
7815,246.61
7816,155.49
7817,59.39
7818,0.00
7819,0.00
7820,0.00
7821,0.00
7822,0.00
7823,0.00
7824,0.00
7825,0.00
7826,0.00
7827,0.00
7828,0.00
7829,0.00
7830,0.00
7831,0.00
7832,0.00
7833,40.75
7834,100.53
7835,145.30
7836,175.79
7837,187.27
7838,170.10
7839,192.40
7840,136.11
7841,51.14
7842,0.00
7843,0.00
7844,0.00
7845,0.00
7846,0.00
7847,0.00
7848,0.00
7849,0.00
7850,0.00
7851,0.00
7852,0.00
7853,0.00
7854,0.00
7855,0.00
7856,0.00
7857,80.24
7858,178.70
7859,290.85
7860,390.11
7861,387.38
7862,365.11
7863,293.11
7864,171.28
7865,63.94
7866,0.00
7867,0.00
7868,0.00
7869,0.00
7870,0.00
7871,0.00
7872,0.00
7873,0.00
7874,0.00
7875,0.00
7876,0.00
7877,0.00
7878,0.00
7879,0.00
7880,0.00
7881,58.19
7882,172.45
7883,239.49
7884,287.30
7885,339.13
7886,390.42
7887,322.64
7888,191.11
7889,75.81
7890,0.00
7891,0.00
7892,0.00
7893,0.00
7894,0.00
7895,0.00
7896,0.00
7897,0.00
7898,0.00
7899,0.00
7900,0.00
7901,0.00
7902,0.00
7903,0.00
7904,0.00
7905,79.94
7906,185.48
7907,287.86
7908,318.02
7909,350.24
7910,334.67
7911,284.46
7912,201.65
7913,65.93
7914,0.00
7915,0.00
7916,0.00
7917,0.00
7918,0.00
7919,0.00
7920,0.00
7921,0.00
7922,0.00
7923,0.00
7924,0.00
7925,0.00
7926,0.00
7927,0.00
7928,0.00
7929,34.47
7930,81.68
7931,147.44
7932,186.39
7933,197.34
7934,165.45
7935,131.93
7936,65.14
7937,17.33
7938,0.00
7939,0.00
7940,0.00
7941,0.00
7942,0.00
7943,0.00
7944,0.00
7945,0.00
7946,0.00
7947,0.00
7948,0.00
7949,0.00
7950,0.00
7951,0.00
7952,0.00
7953,6.73
7954,25.39
7955,84.29
7956,88.46
7957,82.63
7958,106.34
7959,108.49
7960,63.22
7961,14.05
7962,0.00
7963,0.00
7964,0.00
7965,0.00
7966,0.00
7967,0.00
7968,0.00
7969,0.00
7970,0.00
7971,0.00
7972,0.00
7973,0.00
7974,0.00
7975,0.00
7976,0.00
7977,15.59
7978,77.85
7979,155.14
7980,237.96
7981,263.55
7982,260.03
7983,218.63
7984,138.84
7985,45.32
7986,0.00
7987,0.00
7988,0.00
7989,0.00
7990,0.00
7991,0.00
7992,0.00
7993,0.00
7994,0.00
7995,0.00
7996,0.00
7997,0.00
7998,0.00
7999,0.00
8000,0.00
8001,54.19
8002,191.73
8003,294.48
8004,383.00
8005,373.25
8006,368.07
8007,289.36
8008,189.70
8009,65.65
8010,0.00
8011,0.00
8012,0.00
8013,0.00
8014,0.00
8015,0.00
8016,0.00
8017,0.00
8018,0.00
8019,0.00
8020,0.00
8021,0.00
8022,0.00
8023,0.00
8024,0.00
8025,63.71
8026,188.06
8027,244.02
8028,347.50
8029,334.22
8030,306.96
8031,261.35
8032,157.10
8033,47.91
8034,0.00
8035,0.00
8036,0.00
8037,0.00
8038,0.00
8039,0.00
8040,0.00
8041,0.00
8042,0.00
8043,0.00
8044,0.00
8045,0.00
8046,0.00
8047,0.00
8048,0.00
8049,38.71
8050,133.51
8051,182.79
8052,236.34
8053,310.83
8054,254.48
8055,206.44
8056,123.19
8057,20.01
8058,0.00
8059,0.00
8060,0.00
8061,0.00
8062,0.00
8063,0.00
8064,0.00
8065,0.00
8066,0.00
8067,0.00
8068,0.00
8069,0.00
8070,0.00
8071,0.00
8072,0.00
8073,23.06
8074,54.46
8075,92.03
8076,110.75
8077,133.21
8078,116.69
8079,156.56
8080,130.65
8081,39.86
8082,0.00
8083,0.00
8084,0.00
8085,0.00
8086,0.00
8087,0.00
8088,0.00
8089,0.00
8090,0.00
8091,0.00
8092,0.00
8093,0.00
8094,0.00
8095,0.00
8096,0.00
8097,8.40
8098,40.62
8099,60.52
8100,103.24
8101,91.73
8102,98.09
8103,69.43
8104,105.10
8105,27.95
8106,0.00
8107,0.00
8108,0.00
8109,0.00
8110,0.00
8111,0.00
8112,0.00
8113,0.00
8114,0.00
8115,0.00
8116,0.00
8117,0.00
8118,0.00
8119,0.00
8120,0.00
8121,47.14
8122,163.84
8123,289.44
8124,344.58
8125,303.89
8126,300.97
8127,251.33
8128,173.88
8129,47.74
8130,0.00
8131,0.00
8132,0.00
8133,0.00
8134,0.00
8135,0.00
8136,0.00
8137,0.00
8138,0.00
8139,0.00
8140,0.00
8141,0.00
8142,0.00
8143,0.00
8144,0.00
8145,34.19
8146,129.24
8147,190.88
8148,250.46
8149,287.28
8150,318.26
8151,286.22
8152,186.96
8153,56.97
8154,0.00
8155,0.00
8156,0.00
8157,0.00
8158,0.00
8159,0.00
8160,0.00
8161,0.00
8162,0.00
8163,0.00
8164,0.00
8165,0.00
8166,0.00
8167,0.00
8168,0.00
8169,37.63
8170,139.05
8171,207.07
8172,233.03
8173,256.36
8174,224.28
8175,190.39
8176,126.93
8177,35.04
8178,0.00
8179,0.00
8180,0.00
8181,0.00
8182,0.00
8183,0.00
8184,0.00
8185,0.00
8186,0.00
8187,0.00
8188,0.00
8189,0.00
8190,0.00
8191,0.00
8192,0.00
8193,9.77
8194,31.56
8195,81.27
8196,126.10
8197,104.42
8198,81.13
8199,77.62
8200,38.98
8201,11.91
8202,0.00
8203,0.00
8204,0.00
8205,0.00
8206,0.00
8207,0.00
8208,0.00
8209,0.00
8210,0.00
8211,0.00
8212,0.00
8213,0.00
8214,0.00
8215,0.00
8216,0.00
8217,35.95
8218,150.53
8219,277.82
8220,357.84
8221,360.72
8222,357.24
8223,259.84
8224,161.03
8225,47.97
8226,0.00
8227,0.00
8228,0.00
8229,0.00
8230,0.00
8231,0.00
8232,0.00
8233,0.00
8234,0.00
8235,0.00
8236,0.00
8237,0.00
8238,0.00
8239,0.00
8240,0.00
8241,48.56
8242,153.28
8243,290.37
8244,346.69
8245,162.29
8246,180.71
8247,192.15
8248,113.00
8249,27.96
8250,0.00
8251,0.00
8252,0.00
8253,0.00
8254,0.00
8255,0.00
8256,0.00
8257,0.00
8258,0.00
8259,0.00
8260,0.00
8261,0.00
8262,0.00
8263,0.00
8264,0.00
8265,15.54
8266,87.62
8267,137.36
8268,170.68
8269,188.72
8270,187.48
8271,141.06
8272,91.09
8273,28.84
8274,0.00
8275,0.00
8276,0.00
8277,0.00
8278,0.00
8279,0.00
8280,0.00
8281,0.00
8282,0.00
8283,0.00
8284,0.00
8285,0.00
8286,0.00
8287,0.00
8288,0.00
8289,30.57
8290,114.51
8291,173.92
8292,201.92
8293,226.92
8294,216.89
8295,166.34
8296,102.22
8297,27.59
8298,0.00
8299,0.00
8300,0.00
8301,0.00
8302,0.00
8303,0.00
8304,0.00
8305,0.00
8306,0.00
8307,0.00
8308,0.00
8309,0.00
8310,0.00
8311,0.00
8312,0.00
8313,13.59
8314,86.96
8315,124.27
8316,168.48
8317,194.94
8318,238.47
8319,195.44
8320,131.13
8321,32.40
8322,0.00
8323,0.00
8324,0.00
8325,0.00
8326,0.00
8327,0.00
8328,0.00
8329,0.00
8330,0.00
8331,0.00
8332,0.00
8333,0.00
8334,0.00
8335,0.00
8336,0.00
8337,16.62
8338,48.92
8339,26.75
8340,36.33
8341,44.43
8342,50.00
8343,30.43
8344,62.54
8345,9.10
8346,0.00
8347,0.00
8348,0.00
8349,0.00
8350,0.00
8351,0.00
8352,0.00
8353,0.00
8354,0.00
8355,0.00
8356,0.00
8357,0.00
8358,0.00
8359,0.00
8360,0.00
8361,18.03
8362,80.30
8363,94.77
8364,178.96
8365,209.40
8366,202.34
8367,175.39
8368,100.70
8369,24.43
8370,0.00
8371,0.00
8372,0.00
8373,0.00
8374,0.00
8375,0.00
8376,0.00
8377,0.00
8378,0.00
8379,0.00
8380,0.00
8381,0.00
8382,0.00
8383,0.00
8384,0.00
8385,37.20
8386,155.77
8387,219.27
8388,222.30
8389,248.03
8390,196.82
8391,160.75
8392,113.13
8393,30.14
8394,0.00
8395,0.00
8396,0.00
8397,0.00
8398,0.00
8399,0.00
8400,0.00
8401,0.00
8402,0.00
8403,0.00
8404,0.00
8405,0.00
8406,0.00
8407,0.00
8408,0.00
8409,46.25
8410,179.47
8411,280.51
8412,316.35
8413,345.42
8414,342.16
8415,298.23
8416,174.45
8417,38.43
8418,0.00
8419,0.00
8420,0.00
8421,0.00
8422,0.00
8423,0.00
8424,0.00
8425,0.00
8426,0.00
8427,0.00
8428,0.00
8429,0.00
8430,0.00
8431,0.00
8432,0.00
8433,22.99
8434,119.79
8435,194.78
8436,255.94
8437,228.00
8438,193.03
8439,172.08
8440,106.83
8441,23.97
8442,0.00
8443,0.00
8444,0.00
8445,0.00
8446,0.00
8447,0.00
8448,0.00
8449,0.00
8450,0.00
8451,0.00
8452,0.00
8453,0.00
8454,0.00
8455,0.00
8456,0.00
8457,10.27
8458,43.52
8459,44.48
8460,47.10
8461,67.21
8462,68.52
8463,56.45
8464,32.63
8465,10.14
8466,0.00
8467,0.00
8468,0.00
8469,0.00
8470,0.00
8471,0.00
8472,0.00
8473,0.00
8474,0.00
8475,0.00
8476,0.00
8477,0.00
8478,0.00
8479,0.00
8480,0.00
8481,29.69
8482,114.13
8483,162.06
8484,273.00
8485,266.88
8486,224.12
8487,173.61
8488,119.09
8489,31.61
8490,0.00
8491,0.00
8492,0.00
8493,0.00
8494,0.00
8495,0.00
8496,0.00
8497,0.00
8498,0.00
8499,0.00
8500,0.00
8501,0.00
8502,0.00
8503,0.00
8504,0.00
8505,33.77
8506,168.36
8507,264.65
8508,327.87
8509,308.47
8510,336.73
8511,283.54
8512,187.68
8513,45.21
8514,0.00
8515,0.00
8516,0.00
8517,0.00
8518,0.00
8519,0.00
8520,0.00
8521,0.00
8522,0.00
8523,0.00
8524,0.00
8525,0.00
8526,0.00
8527,0.00
8528,0.00
8529,41.42
8530,168.98
8531,284.04
8532,342.70
8533,356.78
8534,367.19
8535,259.35
8536,163.24
8537,35.31
8538,0.00
8539,0.00
8540,0.00
8541,0.00
8542,0.00
8543,0.00
8544,0.00
8545,0.00
8546,0.00
8547,0.00
8548,0.00
8549,0.00
8550,0.00
8551,0.00
8552,0.00
8553,32.87
8554,163.71
8555,224.93
8556,345.04
8557,368.84
8558,315.53
8559,221.41
8560,144.59
8561,37.07
8562,0.00
8563,0.00
8564,0.00
8565,0.00
8566,0.00
8567,0.00
8568,0.00
8569,0.00
8570,0.00
8571,0.00
8572,0.00
8573,0.00
8574,0.00
8575,0.00
8576,0.00
8577,39.54
8578,164.60
8579,273.71
8580,306.46
8581,304.80
8582,308.74
8583,226.10
8584,142.18
8585,37.41
8586,0.00
8587,0.00
8588,0.00
8589,0.00
8590,0.00
8591,0.00
8592,0.00
8593,0.00
8594,0.00
8595,0.00
8596,0.00
8597,0.00
8598,0.00
8599,0.00
8600,0.00
8601,36.22
8602,149.33
8603,252.38
8604,324.42
8605,317.70
8606,239.08
8607,195.26
8608,148.24
8609,32.74
8610,0.00
8611,0.00
8612,0.00
8613,0.00
8614,0.00
8615,0.00
8616,0.00
8617,0.00
8618,0.00
8619,0.00
8620,0.00
8621,0.00
8622,0.00
8623,0.00
8624,0.00
8625,41.90
8626,157.06
8627,243.45
8628,299.78
8629,333.85
8630,326.59
8631,282.70
8632,171.31
8633,42.01
8634,0.00
8635,0.00
8636,0.00
8637,0.00
8638,0.00
8639,0.00
8640,0.00
8641,0.00
8642,0.00
8643,0.00
8644,0.00
8645,0.00
8646,0.00
8647,0.00
8648,0.00
8649,36.99
8650,127.60
8651,216.03
8652,287.65
8653,335.05
8654,347.96
8655,259.56
8656,165.23
8657,39.57
8658,0.00
8659,0.00
8660,0.00
8661,0.00
8662,0.00
8663,0.00
8664,0.00
8665,0.00
8666,0.00
8667,0.00
8668,0.00
8669,0.00
8670,0.00
8671,0.00
8672,0.00
8673,10.69
8674,49.46
8675,71.87
8676,148.40
8677,165.75
8678,137.50
8679,108.07
8680,63.84
8681,15.67
8682,0.00
8683,0.00
8684,0.00
8685,0.00
8686,0.00
8687,0.00
8688,0.00
8689,0.00
8690,0.00
8691,0.00
8692,0.00
8693,0.00
8694,0.00
8695,0.00
8696,0.00
8697,11.57
8698,49.86
8699,55.27
8700,58.79
8701,61.31
8702,46.69
8703,29.52
8704,22.07
8705,8.37
8706,0.00
8707,0.00
8708,0.00
8709,0.00
8710,0.00
8711,0.00
8712,0.00
8713,0.00
8714,0.00
8715,0.00
8716,0.00
8717,0.00
8718,0.00
8719,0.00
8720,0.00
8721,37.43
8722,111.69
8723,150.09
8724,211.73
8725,220.67
8726,222.53
8727,135.62
8728,127.07
8729,29.40
8730,0.00
8731,0.00
8732,0.00
8733,0.00
8734,0.00
8735,0.00
8736,0.00
8737,0.00
8738,0.00
8739,0.00
8740,0.00
8741,0.00
8742,0.00
8743,0.00
8744,0.00
8745,7.34
8746,37.94
8747,71.18
8748,168.39
8749,174.94
8750,168.07
8751,124.33
8752,134.47
8753,21.38
8754,0.00
8755,0.00
8756,0.00
8757,0.00
8758,0.00
8759,0.00
8760,0.00
